lesson_id,level,course,module_number,module_title,lesson_number,lesson_title,skill,worksheet_docx,worksheet_pdf,answer_key,audio_file
A1-M01-L01,A1,A1 Starter English,1,Personal Information and Classroom English,1,Personal Information and Classroom English: Grammar Lesson 1,grammar,worksheets/a1-m01-l01-personal-information-and-classroom-english-grammar-lesson-1.docx,worksheets/a1-m01-l01-personal-information-and-classroom-english-grammar-lesson-1.pdf,answer_keys/a1-m01-l01-personal-information-and-classroom-english-grammar-lesson-1-answer-key.pdf,audio/a1-m01-l01-listening.mp3
A1-M01-L02,A1,A1 Starter English,1,Personal Information and Classroom English,2,Personal Information and Classroom English: Vocabulary Lesson 2,vocabulary,worksheets/a1-m01-l02-personal-information-and-classroom-english-vocabulary-lesson-2.docx,worksheets/a1-m01-l02-personal-information-and-classroom-english-vocabulary-lesson-2.pdf,answer_keys/a1-m01-l02-personal-information-and-classroom-english-vocabulary-lesson-2-answer-key.pdf,audio/a1-m01-l02-listening.mp3
A1-M01-L03,A1,A1 Starter English,1,Personal Information and Classroom English,3,Personal Information and Classroom English: Reading Lesson 3,reading,worksheets/a1-m01-l03-personal-information-and-classroom-english-reading-lesson-3.docx,worksheets/a1-m01-l03-personal-information-and-classroom-english-reading-lesson-3.pdf,answer_keys/a1-m01-l03-personal-information-and-classroom-english-reading-lesson-3-answer-key.pdf,audio/a1-m01-l03-listening.mp3
A1-M01-L04,A1,A1 Starter English,1,Personal Information and Classroom English,4,Personal Information and Classroom English: Listening Lesson 4,listening,worksheets/a1-m01-l04-personal-information-and-classroom-english-listening-lesson-4.docx,worksheets/a1-m01-l04-personal-information-and-classroom-english-listening-lesson-4.pdf,answer_keys/a1-m01-l04-personal-information-and-classroom-english-listening-lesson-4-answer-key.pdf,audio/a1-m01-l04-listening.mp3
A1-M01-L05,A1,A1 Starter English,1,Personal Information and Classroom English,5,Personal Information and Classroom English: Speaking Lesson 5,speaking,worksheets/a1-m01-l05-personal-information-and-classroom-english-speaking-lesson-5.docx,worksheets/a1-m01-l05-personal-information-and-classroom-english-speaking-lesson-5.pdf,answer_keys/a1-m01-l05-personal-information-and-classroom-english-speaking-lesson-5-answer-key.pdf,audio/a1-m01-l05-listening.mp3
A1-M01-L06,A1,A1 Starter English,1,Personal Information and Classroom English,6,Personal Information and Classroom English: Writing Lesson 6,writing,worksheets/a1-m01-l06-personal-information-and-classroom-english-writing-lesson-6.docx,worksheets/a1-m01-l06-personal-information-and-classroom-english-writing-lesson-6.pdf,answer_keys/a1-m01-l06-personal-information-and-classroom-english-writing-lesson-6-answer-key.pdf,audio/a1-m01-l06-listening.mp3
A1-M02-L01,A1,A1 Starter English,2,"Home, Family and Daily Objects",1,"Home, Family and Daily Objects: Grammar Lesson 1",grammar,worksheets/a1-m02-l01-home-family-and-daily-objects-grammar-lesson-1.docx,worksheets/a1-m02-l01-home-family-and-daily-objects-grammar-lesson-1.pdf,answer_keys/a1-m02-l01-home-family-and-daily-objects-grammar-lesson-1-answer-key.pdf,audio/a1-m02-l01-listening.mp3
A1-M02-L02,A1,A1 Starter English,2,"Home, Family and Daily Objects",2,"Home, Family and Daily Objects: Vocabulary Lesson 2",vocabulary,worksheets/a1-m02-l02-home-family-and-daily-objects-vocabulary-lesson-2.docx,worksheets/a1-m02-l02-home-family-and-daily-objects-vocabulary-lesson-2.pdf,answer_keys/a1-m02-l02-home-family-and-daily-objects-vocabulary-lesson-2-answer-key.pdf,audio/a1-m02-l02-listening.mp3
A1-M02-L03,A1,A1 Starter English,2,"Home, Family and Daily Objects",3,"Home, Family and Daily Objects: Reading Lesson 3",reading,worksheets/a1-m02-l03-home-family-and-daily-objects-reading-lesson-3.docx,worksheets/a1-m02-l03-home-family-and-daily-objects-reading-lesson-3.pdf,answer_keys/a1-m02-l03-home-family-and-daily-objects-reading-lesson-3-answer-key.pdf,audio/a1-m02-l03-listening.mp3
A1-M02-L04,A1,A1 Starter English,2,"Home, Family and Daily Objects",4,"Home, Family and Daily Objects: Listening Lesson 4",listening,worksheets/a1-m02-l04-home-family-and-daily-objects-listening-lesson-4.docx,worksheets/a1-m02-l04-home-family-and-daily-objects-listening-lesson-4.pdf,answer_keys/a1-m02-l04-home-family-and-daily-objects-listening-lesson-4-answer-key.pdf,audio/a1-m02-l04-listening.mp3
A1-M02-L05,A1,A1 Starter English,2,"Home, Family and Daily Objects",5,"Home, Family and Daily Objects: Speaking Lesson 5",speaking,worksheets/a1-m02-l05-home-family-and-daily-objects-speaking-lesson-5.docx,worksheets/a1-m02-l05-home-family-and-daily-objects-speaking-lesson-5.pdf,answer_keys/a1-m02-l05-home-family-and-daily-objects-speaking-lesson-5-answer-key.pdf,audio/a1-m02-l05-listening.mp3
A1-M02-L06,A1,A1 Starter English,2,"Home, Family and Daily Objects",6,"Home, Family and Daily Objects: Writing Lesson 6",writing,worksheets/a1-m02-l06-home-family-and-daily-objects-writing-lesson-6.docx,worksheets/a1-m02-l06-home-family-and-daily-objects-writing-lesson-6.pdf,answer_keys/a1-m02-l06-home-family-and-daily-objects-writing-lesson-6-answer-key.pdf,audio/a1-m02-l06-listening.mp3
A1-M03-L01,A1,A1 Starter English,3,"Food, Shopping and Simple Requests",1,"Food, Shopping and Simple Requests: Grammar Lesson 1",grammar,worksheets/a1-m03-l01-food-shopping-and-simple-requests-grammar-lesson-1.docx,worksheets/a1-m03-l01-food-shopping-and-simple-requests-grammar-lesson-1.pdf,answer_keys/a1-m03-l01-food-shopping-and-simple-requests-grammar-lesson-1-answer-key.pdf,audio/a1-m03-l01-listening.mp3
A1-M03-L02,A1,A1 Starter English,3,"Food, Shopping and Simple Requests",2,"Food, Shopping and Simple Requests: Vocabulary Lesson 2",vocabulary,worksheets/a1-m03-l02-food-shopping-and-simple-requests-vocabulary-lesson-2.docx,worksheets/a1-m03-l02-food-shopping-and-simple-requests-vocabulary-lesson-2.pdf,answer_keys/a1-m03-l02-food-shopping-and-simple-requests-vocabulary-lesson-2-answer-key.pdf,audio/a1-m03-l02-listening.mp3
A1-M03-L03,A1,A1 Starter English,3,"Food, Shopping and Simple Requests",3,"Food, Shopping and Simple Requests: Reading Lesson 3",reading,worksheets/a1-m03-l03-food-shopping-and-simple-requests-reading-lesson-3.docx,worksheets/a1-m03-l03-food-shopping-and-simple-requests-reading-lesson-3.pdf,answer_keys/a1-m03-l03-food-shopping-and-simple-requests-reading-lesson-3-answer-key.pdf,audio/a1-m03-l03-listening.mp3
A1-M03-L04,A1,A1 Starter English,3,"Food, Shopping and Simple Requests",4,"Food, Shopping and Simple Requests: Listening Lesson 4",listening,worksheets/a1-m03-l04-food-shopping-and-simple-requests-listening-lesson-4.docx,worksheets/a1-m03-l04-food-shopping-and-simple-requests-listening-lesson-4.pdf,answer_keys/a1-m03-l04-food-shopping-and-simple-requests-listening-lesson-4-answer-key.pdf,audio/a1-m03-l04-listening.mp3
A1-M03-L05,A1,A1 Starter English,3,"Food, Shopping and Simple Requests",5,"Food, Shopping and Simple Requests: Speaking Lesson 5",speaking,worksheets/a1-m03-l05-food-shopping-and-simple-requests-speaking-lesson-5.docx,worksheets/a1-m03-l05-food-shopping-and-simple-requests-speaking-lesson-5.pdf,answer_keys/a1-m03-l05-food-shopping-and-simple-requests-speaking-lesson-5-answer-key.pdf,audio/a1-m03-l05-listening.mp3
A1-M03-L06,A1,A1 Starter English,3,"Food, Shopping and Simple Requests",6,"Food, Shopping and Simple Requests: Writing Lesson 6",writing,worksheets/a1-m03-l06-food-shopping-and-simple-requests-writing-lesson-6.docx,worksheets/a1-m03-l06-food-shopping-and-simple-requests-writing-lesson-6.pdf,answer_keys/a1-m03-l06-food-shopping-and-simple-requests-writing-lesson-6-answer-key.pdf,audio/a1-m03-l06-listening.mp3
A1-M04-L01,A1,A1 Starter English,4,"Places, Directions and Local Life",1,"Places, Directions and Local Life: Grammar Lesson 1",grammar,worksheets/a1-m04-l01-places-directions-and-local-life-grammar-lesson-1.docx,worksheets/a1-m04-l01-places-directions-and-local-life-grammar-lesson-1.pdf,answer_keys/a1-m04-l01-places-directions-and-local-life-grammar-lesson-1-answer-key.pdf,audio/a1-m04-l01-listening.mp3
A1-M04-L02,A1,A1 Starter English,4,"Places, Directions and Local Life",2,"Places, Directions and Local Life: Vocabulary Lesson 2",vocabulary,worksheets/a1-m04-l02-places-directions-and-local-life-vocabulary-lesson-2.docx,worksheets/a1-m04-l02-places-directions-and-local-life-vocabulary-lesson-2.pdf,answer_keys/a1-m04-l02-places-directions-and-local-life-vocabulary-lesson-2-answer-key.pdf,audio/a1-m04-l02-listening.mp3
A1-M04-L03,A1,A1 Starter English,4,"Places, Directions and Local Life",3,"Places, Directions and Local Life: Reading Lesson 3",reading,worksheets/a1-m04-l03-places-directions-and-local-life-reading-lesson-3.docx,worksheets/a1-m04-l03-places-directions-and-local-life-reading-lesson-3.pdf,answer_keys/a1-m04-l03-places-directions-and-local-life-reading-lesson-3-answer-key.pdf,audio/a1-m04-l03-listening.mp3
A1-M04-L04,A1,A1 Starter English,4,"Places, Directions and Local Life",4,"Places, Directions and Local Life: Listening Lesson 4",listening,worksheets/a1-m04-l04-places-directions-and-local-life-listening-lesson-4.docx,worksheets/a1-m04-l04-places-directions-and-local-life-listening-lesson-4.pdf,answer_keys/a1-m04-l04-places-directions-and-local-life-listening-lesson-4-answer-key.pdf,audio/a1-m04-l04-listening.mp3
A1-M04-L05,A1,A1 Starter English,4,"Places, Directions and Local Life",5,"Places, Directions and Local Life: Speaking Lesson 5",speaking,worksheets/a1-m04-l05-places-directions-and-local-life-speaking-lesson-5.docx,worksheets/a1-m04-l05-places-directions-and-local-life-speaking-lesson-5.pdf,answer_keys/a1-m04-l05-places-directions-and-local-life-speaking-lesson-5-answer-key.pdf,audio/a1-m04-l05-listening.mp3
A1-M04-L06,A1,A1 Starter English,4,"Places, Directions and Local Life",6,"Places, Directions and Local Life: Writing Lesson 6",writing,worksheets/a1-m04-l06-places-directions-and-local-life-writing-lesson-6.docx,worksheets/a1-m04-l06-places-directions-and-local-life-writing-lesson-6.pdf,answer_keys/a1-m04-l06-places-directions-and-local-life-writing-lesson-6-answer-key.pdf,audio/a1-m04-l06-listening.mp3
A1-M05-L01,A1,A1 Starter English,5,Daily Routines and Free Time,1,Daily Routines and Free Time: Grammar Lesson 1,grammar,worksheets/a1-m05-l01-daily-routines-and-free-time-grammar-lesson-1.docx,worksheets/a1-m05-l01-daily-routines-and-free-time-grammar-lesson-1.pdf,answer_keys/a1-m05-l01-daily-routines-and-free-time-grammar-lesson-1-answer-key.pdf,audio/a1-m05-l01-listening.mp3
A1-M05-L02,A1,A1 Starter English,5,Daily Routines and Free Time,2,Daily Routines and Free Time: Vocabulary Lesson 2,vocabulary,worksheets/a1-m05-l02-daily-routines-and-free-time-vocabulary-lesson-2.docx,worksheets/a1-m05-l02-daily-routines-and-free-time-vocabulary-lesson-2.pdf,answer_keys/a1-m05-l02-daily-routines-and-free-time-vocabulary-lesson-2-answer-key.pdf,audio/a1-m05-l02-listening.mp3
A1-M05-L03,A1,A1 Starter English,5,Daily Routines and Free Time,3,Daily Routines and Free Time: Reading Lesson 3,reading,worksheets/a1-m05-l03-daily-routines-and-free-time-reading-lesson-3.docx,worksheets/a1-m05-l03-daily-routines-and-free-time-reading-lesson-3.pdf,answer_keys/a1-m05-l03-daily-routines-and-free-time-reading-lesson-3-answer-key.pdf,audio/a1-m05-l03-listening.mp3
A1-M05-L04,A1,A1 Starter English,5,Daily Routines and Free Time,4,Daily Routines and Free Time: Listening Lesson 4,listening,worksheets/a1-m05-l04-daily-routines-and-free-time-listening-lesson-4.docx,worksheets/a1-m05-l04-daily-routines-and-free-time-listening-lesson-4.pdf,answer_keys/a1-m05-l04-daily-routines-and-free-time-listening-lesson-4-answer-key.pdf,audio/a1-m05-l04-listening.mp3
A1-M05-L05,A1,A1 Starter English,5,Daily Routines and Free Time,5,Daily Routines and Free Time: Speaking Lesson 5,speaking,worksheets/a1-m05-l05-daily-routines-and-free-time-speaking-lesson-5.docx,worksheets/a1-m05-l05-daily-routines-and-free-time-speaking-lesson-5.pdf,answer_keys/a1-m05-l05-daily-routines-and-free-time-speaking-lesson-5-answer-key.pdf,audio/a1-m05-l05-listening.mp3
A1-M05-L06,A1,A1 Starter English,5,Daily Routines and Free Time,6,Daily Routines and Free Time: Writing Lesson 6,writing,worksheets/a1-m05-l06-daily-routines-and-free-time-writing-lesson-6.docx,worksheets/a1-m05-l06-daily-routines-and-free-time-writing-lesson-6.pdf,answer_keys/a1-m05-l06-daily-routines-and-free-time-writing-lesson-6-answer-key.pdf,audio/a1-m05-l06-listening.mp3
A1-M06-L01,A1,A1 Starter English,6,"A1 Review, Speaking and Everyday Tasks",1,"A1 Review, Speaking and Everyday Tasks: Grammar Lesson 1",grammar,worksheets/a1-m06-l01-a1-review-speaking-and-everyday-tasks-grammar-lesson-1.docx,worksheets/a1-m06-l01-a1-review-speaking-and-everyday-tasks-grammar-lesson-1.pdf,answer_keys/a1-m06-l01-a1-review-speaking-and-everyday-tasks-grammar-lesson-1-answer-key.pdf,audio/a1-m06-l01-listening.mp3
A1-M06-L02,A1,A1 Starter English,6,"A1 Review, Speaking and Everyday Tasks",2,"A1 Review, Speaking and Everyday Tasks: Vocabulary Lesson 2",vocabulary,worksheets/a1-m06-l02-a1-review-speaking-and-everyday-tasks-vocabulary-lesson-2.docx,worksheets/a1-m06-l02-a1-review-speaking-and-everyday-tasks-vocabulary-lesson-2.pdf,answer_keys/a1-m06-l02-a1-review-speaking-and-everyday-tasks-vocabulary-lesson-2-answer-key.pdf,audio/a1-m06-l02-listening.mp3
A1-M06-L03,A1,A1 Starter English,6,"A1 Review, Speaking and Everyday Tasks",3,"A1 Review, Speaking and Everyday Tasks: Reading Lesson 3",reading,worksheets/a1-m06-l03-a1-review-speaking-and-everyday-tasks-reading-lesson-3.docx,worksheets/a1-m06-l03-a1-review-speaking-and-everyday-tasks-reading-lesson-3.pdf,answer_keys/a1-m06-l03-a1-review-speaking-and-everyday-tasks-reading-lesson-3-answer-key.pdf,audio/a1-m06-l03-listening.mp3
A1-M06-L04,A1,A1 Starter English,6,"A1 Review, Speaking and Everyday Tasks",4,"A1 Review, Speaking and Everyday Tasks: Listening Lesson 4",listening,worksheets/a1-m06-l04-a1-review-speaking-and-everyday-tasks-listening-lesson-4.docx,worksheets/a1-m06-l04-a1-review-speaking-and-everyday-tasks-listening-lesson-4.pdf,answer_keys/a1-m06-l04-a1-review-speaking-and-everyday-tasks-listening-lesson-4-answer-key.pdf,audio/a1-m06-l04-listening.mp3
A1-M06-L05,A1,A1 Starter English,6,"A1 Review, Speaking and Everyday Tasks",5,"A1 Review, Speaking and Everyday Tasks: Speaking Lesson 5",speaking,worksheets/a1-m06-l05-a1-review-speaking-and-everyday-tasks-speaking-lesson-5.docx,worksheets/a1-m06-l05-a1-review-speaking-and-everyday-tasks-speaking-lesson-5.pdf,answer_keys/a1-m06-l05-a1-review-speaking-and-everyday-tasks-speaking-lesson-5-answer-key.pdf,audio/a1-m06-l05-listening.mp3
A1-M06-L06,A1,A1 Starter English,6,"A1 Review, Speaking and Everyday Tasks",6,"A1 Review, Speaking and Everyday Tasks: Writing Lesson 6",writing,worksheets/a1-m06-l06-a1-review-speaking-and-everyday-tasks-writing-lesson-6.docx,worksheets/a1-m06-l06-a1-review-speaking-and-everyday-tasks-writing-lesson-6.pdf,answer_keys/a1-m06-l06-a1-review-speaking-and-everyday-tasks-writing-lesson-6-answer-key.pdf,audio/a1-m06-l06-listening.mp3
A2-M01-L01,A2,A2 Everyday English,1,Daily Life and Social Communication,1,Daily Life and Social Communication: Grammar Lesson 1,grammar,worksheets/a2-m01-l01-daily-life-and-social-communication-grammar-lesson-1.docx,worksheets/a2-m01-l01-daily-life-and-social-communication-grammar-lesson-1.pdf,answer_keys/a2-m01-l01-daily-life-and-social-communication-grammar-lesson-1-answer-key.pdf,audio/a2-m01-l01-listening.mp3
A2-M01-L02,A2,A2 Everyday English,1,Daily Life and Social Communication,2,Daily Life and Social Communication: Vocabulary Lesson 2,vocabulary,worksheets/a2-m01-l02-daily-life-and-social-communication-vocabulary-lesson-2.docx,worksheets/a2-m01-l02-daily-life-and-social-communication-vocabulary-lesson-2.pdf,answer_keys/a2-m01-l02-daily-life-and-social-communication-vocabulary-lesson-2-answer-key.pdf,audio/a2-m01-l02-listening.mp3
A2-M01-L03,A2,A2 Everyday English,1,Daily Life and Social Communication,3,Daily Life and Social Communication: Reading Lesson 3,reading,worksheets/a2-m01-l03-daily-life-and-social-communication-reading-lesson-3.docx,worksheets/a2-m01-l03-daily-life-and-social-communication-reading-lesson-3.pdf,answer_keys/a2-m01-l03-daily-life-and-social-communication-reading-lesson-3-answer-key.pdf,audio/a2-m01-l03-listening.mp3
A2-M01-L04,A2,A2 Everyday English,1,Daily Life and Social Communication,4,Daily Life and Social Communication: Listening Lesson 4,listening,worksheets/a2-m01-l04-daily-life-and-social-communication-listening-lesson-4.docx,worksheets/a2-m01-l04-daily-life-and-social-communication-listening-lesson-4.pdf,answer_keys/a2-m01-l04-daily-life-and-social-communication-listening-lesson-4-answer-key.pdf,audio/a2-m01-l04-listening.mp3
A2-M01-L05,A2,A2 Everyday English,1,Daily Life and Social Communication,5,Daily Life and Social Communication: Speaking Lesson 5,speaking,worksheets/a2-m01-l05-daily-life-and-social-communication-speaking-lesson-5.docx,worksheets/a2-m01-l05-daily-life-and-social-communication-speaking-lesson-5.pdf,answer_keys/a2-m01-l05-daily-life-and-social-communication-speaking-lesson-5-answer-key.pdf,audio/a2-m01-l05-listening.mp3
A2-M01-L06,A2,A2 Everyday English,1,Daily Life and Social Communication,6,Daily Life and Social Communication: Writing Lesson 6,writing,worksheets/a2-m01-l06-daily-life-and-social-communication-writing-lesson-6.docx,worksheets/a2-m01-l06-daily-life-and-social-communication-writing-lesson-6.pdf,answer_keys/a2-m01-l06-daily-life-and-social-communication-writing-lesson-6-answer-key.pdf,audio/a2-m01-l06-listening.mp3
A2-M02-L01,A2,A2 Everyday English,2,Past Experiences and Personal Stories,1,Past Experiences and Personal Stories: Grammar Lesson 1,grammar,worksheets/a2-m02-l01-past-experiences-and-personal-stories-grammar-lesson-1.docx,worksheets/a2-m02-l01-past-experiences-and-personal-stories-grammar-lesson-1.pdf,answer_keys/a2-m02-l01-past-experiences-and-personal-stories-grammar-lesson-1-answer-key.pdf,audio/a2-m02-l01-listening.mp3
A2-M02-L02,A2,A2 Everyday English,2,Past Experiences and Personal Stories,2,Past Experiences and Personal Stories: Vocabulary Lesson 2,vocabulary,worksheets/a2-m02-l02-past-experiences-and-personal-stories-vocabulary-lesson-2.docx,worksheets/a2-m02-l02-past-experiences-and-personal-stories-vocabulary-lesson-2.pdf,answer_keys/a2-m02-l02-past-experiences-and-personal-stories-vocabulary-lesson-2-answer-key.pdf,audio/a2-m02-l02-listening.mp3
A2-M02-L03,A2,A2 Everyday English,2,Past Experiences and Personal Stories,3,Past Experiences and Personal Stories: Reading Lesson 3,reading,worksheets/a2-m02-l03-past-experiences-and-personal-stories-reading-lesson-3.docx,worksheets/a2-m02-l03-past-experiences-and-personal-stories-reading-lesson-3.pdf,answer_keys/a2-m02-l03-past-experiences-and-personal-stories-reading-lesson-3-answer-key.pdf,audio/a2-m02-l03-listening.mp3
A2-M02-L04,A2,A2 Everyday English,2,Past Experiences and Personal Stories,4,Past Experiences and Personal Stories: Listening Lesson 4,listening,worksheets/a2-m02-l04-past-experiences-and-personal-stories-listening-lesson-4.docx,worksheets/a2-m02-l04-past-experiences-and-personal-stories-listening-lesson-4.pdf,answer_keys/a2-m02-l04-past-experiences-and-personal-stories-listening-lesson-4-answer-key.pdf,audio/a2-m02-l04-listening.mp3
A2-M02-L05,A2,A2 Everyday English,2,Past Experiences and Personal Stories,5,Past Experiences and Personal Stories: Speaking Lesson 5,speaking,worksheets/a2-m02-l05-past-experiences-and-personal-stories-speaking-lesson-5.docx,worksheets/a2-m02-l05-past-experiences-and-personal-stories-speaking-lesson-5.pdf,answer_keys/a2-m02-l05-past-experiences-and-personal-stories-speaking-lesson-5-answer-key.pdf,audio/a2-m02-l05-listening.mp3
A2-M02-L06,A2,A2 Everyday English,2,Past Experiences and Personal Stories,6,Past Experiences and Personal Stories: Writing Lesson 6,writing,worksheets/a2-m02-l06-past-experiences-and-personal-stories-writing-lesson-6.docx,worksheets/a2-m02-l06-past-experiences-and-personal-stories-writing-lesson-6.pdf,answer_keys/a2-m02-l06-past-experiences-and-personal-stories-writing-lesson-6-answer-key.pdf,audio/a2-m02-l06-listening.mp3
A2-M03-L01,A2,A2 Everyday English,3,"Travel, Services and Problem Solving",1,"Travel, Services and Problem Solving: Grammar Lesson 1",grammar,worksheets/a2-m03-l01-travel-services-and-problem-solving-grammar-lesson-1.docx,worksheets/a2-m03-l01-travel-services-and-problem-solving-grammar-lesson-1.pdf,answer_keys/a2-m03-l01-travel-services-and-problem-solving-grammar-lesson-1-answer-key.pdf,audio/a2-m03-l01-listening.mp3
A2-M03-L02,A2,A2 Everyday English,3,"Travel, Services and Problem Solving",2,"Travel, Services and Problem Solving: Vocabulary Lesson 2",vocabulary,worksheets/a2-m03-l02-travel-services-and-problem-solving-vocabulary-lesson-2.docx,worksheets/a2-m03-l02-travel-services-and-problem-solving-vocabulary-lesson-2.pdf,answer_keys/a2-m03-l02-travel-services-and-problem-solving-vocabulary-lesson-2-answer-key.pdf,audio/a2-m03-l02-listening.mp3
A2-M03-L03,A2,A2 Everyday English,3,"Travel, Services and Problem Solving",3,"Travel, Services and Problem Solving: Reading Lesson 3",reading,worksheets/a2-m03-l03-travel-services-and-problem-solving-reading-lesson-3.docx,worksheets/a2-m03-l03-travel-services-and-problem-solving-reading-lesson-3.pdf,answer_keys/a2-m03-l03-travel-services-and-problem-solving-reading-lesson-3-answer-key.pdf,audio/a2-m03-l03-listening.mp3
A2-M03-L04,A2,A2 Everyday English,3,"Travel, Services and Problem Solving",4,"Travel, Services and Problem Solving: Listening Lesson 4",listening,worksheets/a2-m03-l04-travel-services-and-problem-solving-listening-lesson-4.docx,worksheets/a2-m03-l04-travel-services-and-problem-solving-listening-lesson-4.pdf,answer_keys/a2-m03-l04-travel-services-and-problem-solving-listening-lesson-4-answer-key.pdf,audio/a2-m03-l04-listening.mp3
A2-M03-L05,A2,A2 Everyday English,3,"Travel, Services and Problem Solving",5,"Travel, Services and Problem Solving: Speaking Lesson 5",speaking,worksheets/a2-m03-l05-travel-services-and-problem-solving-speaking-lesson-5.docx,worksheets/a2-m03-l05-travel-services-and-problem-solving-speaking-lesson-5.pdf,answer_keys/a2-m03-l05-travel-services-and-problem-solving-speaking-lesson-5-answer-key.pdf,audio/a2-m03-l05-listening.mp3
A2-M03-L06,A2,A2 Everyday English,3,"Travel, Services and Problem Solving",6,"Travel, Services and Problem Solving: Writing Lesson 6",writing,worksheets/a2-m03-l06-travel-services-and-problem-solving-writing-lesson-6.docx,worksheets/a2-m03-l06-travel-services-and-problem-solving-writing-lesson-6.pdf,answer_keys/a2-m03-l06-travel-services-and-problem-solving-writing-lesson-6-answer-key.pdf,audio/a2-m03-l06-listening.mp3
A2-M04-L01,A2,A2 Everyday English,4,"Health, Weather and Plans",1,"Health, Weather and Plans: Grammar Lesson 1",grammar,worksheets/a2-m04-l01-health-weather-and-plans-grammar-lesson-1.docx,worksheets/a2-m04-l01-health-weather-and-plans-grammar-lesson-1.pdf,answer_keys/a2-m04-l01-health-weather-and-plans-grammar-lesson-1-answer-key.pdf,audio/a2-m04-l01-listening.mp3
A2-M04-L02,A2,A2 Everyday English,4,"Health, Weather and Plans",2,"Health, Weather and Plans: Vocabulary Lesson 2",vocabulary,worksheets/a2-m04-l02-health-weather-and-plans-vocabulary-lesson-2.docx,worksheets/a2-m04-l02-health-weather-and-plans-vocabulary-lesson-2.pdf,answer_keys/a2-m04-l02-health-weather-and-plans-vocabulary-lesson-2-answer-key.pdf,audio/a2-m04-l02-listening.mp3
A2-M04-L03,A2,A2 Everyday English,4,"Health, Weather and Plans",3,"Health, Weather and Plans: Reading Lesson 3",reading,worksheets/a2-m04-l03-health-weather-and-plans-reading-lesson-3.docx,worksheets/a2-m04-l03-health-weather-and-plans-reading-lesson-3.pdf,answer_keys/a2-m04-l03-health-weather-and-plans-reading-lesson-3-answer-key.pdf,audio/a2-m04-l03-listening.mp3
A2-M04-L04,A2,A2 Everyday English,4,"Health, Weather and Plans",4,"Health, Weather and Plans: Listening Lesson 4",listening,worksheets/a2-m04-l04-health-weather-and-plans-listening-lesson-4.docx,worksheets/a2-m04-l04-health-weather-and-plans-listening-lesson-4.pdf,answer_keys/a2-m04-l04-health-weather-and-plans-listening-lesson-4-answer-key.pdf,audio/a2-m04-l04-listening.mp3
A2-M04-L05,A2,A2 Everyday English,4,"Health, Weather and Plans",5,"Health, Weather and Plans: Speaking Lesson 5",speaking,worksheets/a2-m04-l05-health-weather-and-plans-speaking-lesson-5.docx,worksheets/a2-m04-l05-health-weather-and-plans-speaking-lesson-5.pdf,answer_keys/a2-m04-l05-health-weather-and-plans-speaking-lesson-5-answer-key.pdf,audio/a2-m04-l05-listening.mp3
A2-M04-L06,A2,A2 Everyday English,4,"Health, Weather and Plans",6,"Health, Weather and Plans: Writing Lesson 6",writing,worksheets/a2-m04-l06-health-weather-and-plans-writing-lesson-6.docx,worksheets/a2-m04-l06-health-weather-and-plans-writing-lesson-6.pdf,answer_keys/a2-m04-l06-health-weather-and-plans-writing-lesson-6-answer-key.pdf,audio/a2-m04-l06-listening.mp3
A2-M05-L01,A2,A2 Everyday English,5,"Work, Study and Everyday Writing",1,"Work, Study and Everyday Writing: Grammar Lesson 1",grammar,worksheets/a2-m05-l01-work-study-and-everyday-writing-grammar-lesson-1.docx,worksheets/a2-m05-l01-work-study-and-everyday-writing-grammar-lesson-1.pdf,answer_keys/a2-m05-l01-work-study-and-everyday-writing-grammar-lesson-1-answer-key.pdf,audio/a2-m05-l01-listening.mp3
A2-M05-L02,A2,A2 Everyday English,5,"Work, Study and Everyday Writing",2,"Work, Study and Everyday Writing: Vocabulary Lesson 2",vocabulary,worksheets/a2-m05-l02-work-study-and-everyday-writing-vocabulary-lesson-2.docx,worksheets/a2-m05-l02-work-study-and-everyday-writing-vocabulary-lesson-2.pdf,answer_keys/a2-m05-l02-work-study-and-everyday-writing-vocabulary-lesson-2-answer-key.pdf,audio/a2-m05-l02-listening.mp3
A2-M05-L03,A2,A2 Everyday English,5,"Work, Study and Everyday Writing",3,"Work, Study and Everyday Writing: Reading Lesson 3",reading,worksheets/a2-m05-l03-work-study-and-everyday-writing-reading-lesson-3.docx,worksheets/a2-m05-l03-work-study-and-everyday-writing-reading-lesson-3.pdf,answer_keys/a2-m05-l03-work-study-and-everyday-writing-reading-lesson-3-answer-key.pdf,audio/a2-m05-l03-listening.mp3
A2-M05-L04,A2,A2 Everyday English,5,"Work, Study and Everyday Writing",4,"Work, Study and Everyday Writing: Listening Lesson 4",listening,worksheets/a2-m05-l04-work-study-and-everyday-writing-listening-lesson-4.docx,worksheets/a2-m05-l04-work-study-and-everyday-writing-listening-lesson-4.pdf,answer_keys/a2-m05-l04-work-study-and-everyday-writing-listening-lesson-4-answer-key.pdf,audio/a2-m05-l04-listening.mp3
A2-M05-L05,A2,A2 Everyday English,5,"Work, Study and Everyday Writing",5,"Work, Study and Everyday Writing: Speaking Lesson 5",speaking,worksheets/a2-m05-l05-work-study-and-everyday-writing-speaking-lesson-5.docx,worksheets/a2-m05-l05-work-study-and-everyday-writing-speaking-lesson-5.pdf,answer_keys/a2-m05-l05-work-study-and-everyday-writing-speaking-lesson-5-answer-key.pdf,audio/a2-m05-l05-listening.mp3
A2-M05-L06,A2,A2 Everyday English,5,"Work, Study and Everyday Writing",6,"Work, Study and Everyday Writing: Writing Lesson 6",writing,worksheets/a2-m05-l06-work-study-and-everyday-writing-writing-lesson-6.docx,worksheets/a2-m05-l06-work-study-and-everyday-writing-writing-lesson-6.pdf,answer_keys/a2-m05-l06-work-study-and-everyday-writing-writing-lesson-6-answer-key.pdf,audio/a2-m05-l06-listening.mp3
A2-M06-L01,A2,A2 Everyday English,6,"A2 Review, Fluency and Functional Tasks",1,"A2 Review, Fluency and Functional Tasks: Grammar Lesson 1",grammar,worksheets/a2-m06-l01-a2-review-fluency-and-functional-tasks-grammar-lesson-1.docx,worksheets/a2-m06-l01-a2-review-fluency-and-functional-tasks-grammar-lesson-1.pdf,answer_keys/a2-m06-l01-a2-review-fluency-and-functional-tasks-grammar-lesson-1-answer-key.pdf,audio/a2-m06-l01-listening.mp3
A2-M06-L02,A2,A2 Everyday English,6,"A2 Review, Fluency and Functional Tasks",2,"A2 Review, Fluency and Functional Tasks: Vocabulary Lesson 2",vocabulary,worksheets/a2-m06-l02-a2-review-fluency-and-functional-tasks-vocabulary-lesson-2.docx,worksheets/a2-m06-l02-a2-review-fluency-and-functional-tasks-vocabulary-lesson-2.pdf,answer_keys/a2-m06-l02-a2-review-fluency-and-functional-tasks-vocabulary-lesson-2-answer-key.pdf,audio/a2-m06-l02-listening.mp3
A2-M06-L03,A2,A2 Everyday English,6,"A2 Review, Fluency and Functional Tasks",3,"A2 Review, Fluency and Functional Tasks: Reading Lesson 3",reading,worksheets/a2-m06-l03-a2-review-fluency-and-functional-tasks-reading-lesson-3.docx,worksheets/a2-m06-l03-a2-review-fluency-and-functional-tasks-reading-lesson-3.pdf,answer_keys/a2-m06-l03-a2-review-fluency-and-functional-tasks-reading-lesson-3-answer-key.pdf,audio/a2-m06-l03-listening.mp3
A2-M06-L04,A2,A2 Everyday English,6,"A2 Review, Fluency and Functional Tasks",4,"A2 Review, Fluency and Functional Tasks: Listening Lesson 4",listening,worksheets/a2-m06-l04-a2-review-fluency-and-functional-tasks-listening-lesson-4.docx,worksheets/a2-m06-l04-a2-review-fluency-and-functional-tasks-listening-lesson-4.pdf,answer_keys/a2-m06-l04-a2-review-fluency-and-functional-tasks-listening-lesson-4-answer-key.pdf,audio/a2-m06-l04-listening.mp3
A2-M06-L05,A2,A2 Everyday English,6,"A2 Review, Fluency and Functional Tasks",5,"A2 Review, Fluency and Functional Tasks: Speaking Lesson 5",speaking,worksheets/a2-m06-l05-a2-review-fluency-and-functional-tasks-speaking-lesson-5.docx,worksheets/a2-m06-l05-a2-review-fluency-and-functional-tasks-speaking-lesson-5.pdf,answer_keys/a2-m06-l05-a2-review-fluency-and-functional-tasks-speaking-lesson-5-answer-key.pdf,audio/a2-m06-l05-listening.mp3
A2-M06-L06,A2,A2 Everyday English,6,"A2 Review, Fluency and Functional Tasks",6,"A2 Review, Fluency and Functional Tasks: Writing Lesson 6",writing,worksheets/a2-m06-l06-a2-review-fluency-and-functional-tasks-writing-lesson-6.docx,worksheets/a2-m06-l06-a2-review-fluency-and-functional-tasks-writing-lesson-6.pdf,answer_keys/a2-m06-l06-a2-review-fluency-and-functional-tasks-writing-lesson-6-answer-key.pdf,audio/a2-m06-l06-listening.mp3
B1-M01-L01,B1,B1 Independent English,1,Independent Communication and Opinions,1,Independent Communication and Opinions: Grammar Lesson 1,grammar,worksheets/b1-m01-l01-independent-communication-and-opinions-grammar-lesson-1.docx,worksheets/b1-m01-l01-independent-communication-and-opinions-grammar-lesson-1.pdf,answer_keys/b1-m01-l01-independent-communication-and-opinions-grammar-lesson-1-answer-key.pdf,audio/b1-m01-l01-listening.mp3
B1-M01-L02,B1,B1 Independent English,1,Independent Communication and Opinions,2,Independent Communication and Opinions: Vocabulary Lesson 2,vocabulary,worksheets/b1-m01-l02-independent-communication-and-opinions-vocabulary-lesson-2.docx,worksheets/b1-m01-l02-independent-communication-and-opinions-vocabulary-lesson-2.pdf,answer_keys/b1-m01-l02-independent-communication-and-opinions-vocabulary-lesson-2-answer-key.pdf,audio/b1-m01-l02-listening.mp3
B1-M01-L03,B1,B1 Independent English,1,Independent Communication and Opinions,3,Independent Communication and Opinions: Reading Lesson 3,reading,worksheets/b1-m01-l03-independent-communication-and-opinions-reading-lesson-3.docx,worksheets/b1-m01-l03-independent-communication-and-opinions-reading-lesson-3.pdf,answer_keys/b1-m01-l03-independent-communication-and-opinions-reading-lesson-3-answer-key.pdf,audio/b1-m01-l03-listening.mp3
B1-M01-L04,B1,B1 Independent English,1,Independent Communication and Opinions,4,Independent Communication and Opinions: Listening Lesson 4,listening,worksheets/b1-m01-l04-independent-communication-and-opinions-listening-lesson-4.docx,worksheets/b1-m01-l04-independent-communication-and-opinions-listening-lesson-4.pdf,answer_keys/b1-m01-l04-independent-communication-and-opinions-listening-lesson-4-answer-key.pdf,audio/b1-m01-l04-listening.mp3
B1-M01-L05,B1,B1 Independent English,1,Independent Communication and Opinions,5,Independent Communication and Opinions: Speaking Lesson 5,speaking,worksheets/b1-m01-l05-independent-communication-and-opinions-speaking-lesson-5.docx,worksheets/b1-m01-l05-independent-communication-and-opinions-speaking-lesson-5.pdf,answer_keys/b1-m01-l05-independent-communication-and-opinions-speaking-lesson-5-answer-key.pdf,audio/b1-m01-l05-listening.mp3
B1-M01-L06,B1,B1 Independent English,1,Independent Communication and Opinions,6,Independent Communication and Opinions: Writing Lesson 6,writing,worksheets/b1-m01-l06-independent-communication-and-opinions-writing-lesson-6.docx,worksheets/b1-m01-l06-independent-communication-and-opinions-writing-lesson-6.pdf,answer_keys/b1-m01-l06-independent-communication-and-opinions-writing-lesson-6-answer-key.pdf,audio/b1-m01-l06-listening.mp3
B1-M02-L01,B1,B1 Independent English,2,"Work, Study and Digital Life",1,"Work, Study and Digital Life: Grammar Lesson 1",grammar,worksheets/b1-m02-l01-work-study-and-digital-life-grammar-lesson-1.docx,worksheets/b1-m02-l01-work-study-and-digital-life-grammar-lesson-1.pdf,answer_keys/b1-m02-l01-work-study-and-digital-life-grammar-lesson-1-answer-key.pdf,audio/b1-m02-l01-listening.mp3
B1-M02-L02,B1,B1 Independent English,2,"Work, Study and Digital Life",2,"Work, Study and Digital Life: Vocabulary Lesson 2",vocabulary,worksheets/b1-m02-l02-work-study-and-digital-life-vocabulary-lesson-2.docx,worksheets/b1-m02-l02-work-study-and-digital-life-vocabulary-lesson-2.pdf,answer_keys/b1-m02-l02-work-study-and-digital-life-vocabulary-lesson-2-answer-key.pdf,audio/b1-m02-l02-listening.mp3
B1-M02-L03,B1,B1 Independent English,2,"Work, Study and Digital Life",3,"Work, Study and Digital Life: Reading Lesson 3",reading,worksheets/b1-m02-l03-work-study-and-digital-life-reading-lesson-3.docx,worksheets/b1-m02-l03-work-study-and-digital-life-reading-lesson-3.pdf,answer_keys/b1-m02-l03-work-study-and-digital-life-reading-lesson-3-answer-key.pdf,audio/b1-m02-l03-listening.mp3
B1-M02-L04,B1,B1 Independent English,2,"Work, Study and Digital Life",4,"Work, Study and Digital Life: Listening Lesson 4",listening,worksheets/b1-m02-l04-work-study-and-digital-life-listening-lesson-4.docx,worksheets/b1-m02-l04-work-study-and-digital-life-listening-lesson-4.pdf,answer_keys/b1-m02-l04-work-study-and-digital-life-listening-lesson-4-answer-key.pdf,audio/b1-m02-l04-listening.mp3
B1-M02-L05,B1,B1 Independent English,2,"Work, Study and Digital Life",5,"Work, Study and Digital Life: Speaking Lesson 5",speaking,worksheets/b1-m02-l05-work-study-and-digital-life-speaking-lesson-5.docx,worksheets/b1-m02-l05-work-study-and-digital-life-speaking-lesson-5.pdf,answer_keys/b1-m02-l05-work-study-and-digital-life-speaking-lesson-5-answer-key.pdf,audio/b1-m02-l05-listening.mp3
B1-M02-L06,B1,B1 Independent English,2,"Work, Study and Digital Life",6,"Work, Study and Digital Life: Writing Lesson 6",writing,worksheets/b1-m02-l06-work-study-and-digital-life-writing-lesson-6.docx,worksheets/b1-m02-l06-work-study-and-digital-life-writing-lesson-6.pdf,answer_keys/b1-m02-l06-work-study-and-digital-life-writing-lesson-6-answer-key.pdf,audio/b1-m02-l06-listening.mp3
B1-M03-L01,B1,B1 Independent English,3,"Travel, Culture and Narratives",1,"Travel, Culture and Narratives: Grammar Lesson 1",grammar,worksheets/b1-m03-l01-travel-culture-and-narratives-grammar-lesson-1.docx,worksheets/b1-m03-l01-travel-culture-and-narratives-grammar-lesson-1.pdf,answer_keys/b1-m03-l01-travel-culture-and-narratives-grammar-lesson-1-answer-key.pdf,audio/b1-m03-l01-listening.mp3
B1-M03-L02,B1,B1 Independent English,3,"Travel, Culture and Narratives",2,"Travel, Culture and Narratives: Vocabulary Lesson 2",vocabulary,worksheets/b1-m03-l02-travel-culture-and-narratives-vocabulary-lesson-2.docx,worksheets/b1-m03-l02-travel-culture-and-narratives-vocabulary-lesson-2.pdf,answer_keys/b1-m03-l02-travel-culture-and-narratives-vocabulary-lesson-2-answer-key.pdf,audio/b1-m03-l02-listening.mp3
B1-M03-L03,B1,B1 Independent English,3,"Travel, Culture and Narratives",3,"Travel, Culture and Narratives: Reading Lesson 3",reading,worksheets/b1-m03-l03-travel-culture-and-narratives-reading-lesson-3.docx,worksheets/b1-m03-l03-travel-culture-and-narratives-reading-lesson-3.pdf,answer_keys/b1-m03-l03-travel-culture-and-narratives-reading-lesson-3-answer-key.pdf,audio/b1-m03-l03-listening.mp3
B1-M03-L04,B1,B1 Independent English,3,"Travel, Culture and Narratives",4,"Travel, Culture and Narratives: Listening Lesson 4",listening,worksheets/b1-m03-l04-travel-culture-and-narratives-listening-lesson-4.docx,worksheets/b1-m03-l04-travel-culture-and-narratives-listening-lesson-4.pdf,answer_keys/b1-m03-l04-travel-culture-and-narratives-listening-lesson-4-answer-key.pdf,audio/b1-m03-l04-listening.mp3
B1-M03-L05,B1,B1 Independent English,3,"Travel, Culture and Narratives",5,"Travel, Culture and Narratives: Speaking Lesson 5",speaking,worksheets/b1-m03-l05-travel-culture-and-narratives-speaking-lesson-5.docx,worksheets/b1-m03-l05-travel-culture-and-narratives-speaking-lesson-5.pdf,answer_keys/b1-m03-l05-travel-culture-and-narratives-speaking-lesson-5-answer-key.pdf,audio/b1-m03-l05-listening.mp3
B1-M03-L06,B1,B1 Independent English,3,"Travel, Culture and Narratives",6,"Travel, Culture and Narratives: Writing Lesson 6",writing,worksheets/b1-m03-l06-travel-culture-and-narratives-writing-lesson-6.docx,worksheets/b1-m03-l06-travel-culture-and-narratives-writing-lesson-6.pdf,answer_keys/b1-m03-l06-travel-culture-and-narratives-writing-lesson-6-answer-key.pdf,audio/b1-m03-l06-listening.mp3
B1-M04-L01,B1,B1 Independent English,4,"Problems, Advice and Decisions",1,"Problems, Advice and Decisions: Grammar Lesson 1",grammar,worksheets/b1-m04-l01-problems-advice-and-decisions-grammar-lesson-1.docx,worksheets/b1-m04-l01-problems-advice-and-decisions-grammar-lesson-1.pdf,answer_keys/b1-m04-l01-problems-advice-and-decisions-grammar-lesson-1-answer-key.pdf,audio/b1-m04-l01-listening.mp3
B1-M04-L02,B1,B1 Independent English,4,"Problems, Advice and Decisions",2,"Problems, Advice and Decisions: Vocabulary Lesson 2",vocabulary,worksheets/b1-m04-l02-problems-advice-and-decisions-vocabulary-lesson-2.docx,worksheets/b1-m04-l02-problems-advice-and-decisions-vocabulary-lesson-2.pdf,answer_keys/b1-m04-l02-problems-advice-and-decisions-vocabulary-lesson-2-answer-key.pdf,audio/b1-m04-l02-listening.mp3
B1-M04-L03,B1,B1 Independent English,4,"Problems, Advice and Decisions",3,"Problems, Advice and Decisions: Reading Lesson 3",reading,worksheets/b1-m04-l03-problems-advice-and-decisions-reading-lesson-3.docx,worksheets/b1-m04-l03-problems-advice-and-decisions-reading-lesson-3.pdf,answer_keys/b1-m04-l03-problems-advice-and-decisions-reading-lesson-3-answer-key.pdf,audio/b1-m04-l03-listening.mp3
B1-M04-L04,B1,B1 Independent English,4,"Problems, Advice and Decisions",4,"Problems, Advice and Decisions: Listening Lesson 4",listening,worksheets/b1-m04-l04-problems-advice-and-decisions-listening-lesson-4.docx,worksheets/b1-m04-l04-problems-advice-and-decisions-listening-lesson-4.pdf,answer_keys/b1-m04-l04-problems-advice-and-decisions-listening-lesson-4-answer-key.pdf,audio/b1-m04-l04-listening.mp3
B1-M04-L05,B1,B1 Independent English,4,"Problems, Advice and Decisions",5,"Problems, Advice and Decisions: Speaking Lesson 5",speaking,worksheets/b1-m04-l05-problems-advice-and-decisions-speaking-lesson-5.docx,worksheets/b1-m04-l05-problems-advice-and-decisions-speaking-lesson-5.pdf,answer_keys/b1-m04-l05-problems-advice-and-decisions-speaking-lesson-5-answer-key.pdf,audio/b1-m04-l05-listening.mp3
B1-M04-L06,B1,B1 Independent English,4,"Problems, Advice and Decisions",6,"Problems, Advice and Decisions: Writing Lesson 6",writing,worksheets/b1-m04-l06-problems-advice-and-decisions-writing-lesson-6.docx,worksheets/b1-m04-l06-problems-advice-and-decisions-writing-lesson-6.pdf,answer_keys/b1-m04-l06-problems-advice-and-decisions-writing-lesson-6-answer-key.pdf,audio/b1-m04-l06-listening.mp3
B1-M05-L01,B1,B1 Independent English,5,"Media, Environment and Society",1,"Media, Environment and Society: Grammar Lesson 1",grammar,worksheets/b1-m05-l01-media-environment-and-society-grammar-lesson-1.docx,worksheets/b1-m05-l01-media-environment-and-society-grammar-lesson-1.pdf,answer_keys/b1-m05-l01-media-environment-and-society-grammar-lesson-1-answer-key.pdf,audio/b1-m05-l01-listening.mp3
B1-M05-L02,B1,B1 Independent English,5,"Media, Environment and Society",2,"Media, Environment and Society: Vocabulary Lesson 2",vocabulary,worksheets/b1-m05-l02-media-environment-and-society-vocabulary-lesson-2.docx,worksheets/b1-m05-l02-media-environment-and-society-vocabulary-lesson-2.pdf,answer_keys/b1-m05-l02-media-environment-and-society-vocabulary-lesson-2-answer-key.pdf,audio/b1-m05-l02-listening.mp3
B1-M05-L03,B1,B1 Independent English,5,"Media, Environment and Society",3,"Media, Environment and Society: Reading Lesson 3",reading,worksheets/b1-m05-l03-media-environment-and-society-reading-lesson-3.docx,worksheets/b1-m05-l03-media-environment-and-society-reading-lesson-3.pdf,answer_keys/b1-m05-l03-media-environment-and-society-reading-lesson-3-answer-key.pdf,audio/b1-m05-l03-listening.mp3
B1-M05-L04,B1,B1 Independent English,5,"Media, Environment and Society",4,"Media, Environment and Society: Listening Lesson 4",listening,worksheets/b1-m05-l04-media-environment-and-society-listening-lesson-4.docx,worksheets/b1-m05-l04-media-environment-and-society-listening-lesson-4.pdf,answer_keys/b1-m05-l04-media-environment-and-society-listening-lesson-4-answer-key.pdf,audio/b1-m05-l04-listening.mp3
B1-M05-L05,B1,B1 Independent English,5,"Media, Environment and Society",5,"Media, Environment and Society: Speaking Lesson 5",speaking,worksheets/b1-m05-l05-media-environment-and-society-speaking-lesson-5.docx,worksheets/b1-m05-l05-media-environment-and-society-speaking-lesson-5.pdf,answer_keys/b1-m05-l05-media-environment-and-society-speaking-lesson-5-answer-key.pdf,audio/b1-m05-l05-listening.mp3
B1-M05-L06,B1,B1 Independent English,5,"Media, Environment and Society",6,"Media, Environment and Society: Writing Lesson 6",writing,worksheets/b1-m05-l06-media-environment-and-society-writing-lesson-6.docx,worksheets/b1-m05-l06-media-environment-and-society-writing-lesson-6.pdf,answer_keys/b1-m05-l06-media-environment-and-society-writing-lesson-6-answer-key.pdf,audio/b1-m05-l06-listening.mp3
B1-M06-L01,B1,B1 Independent English,6,"B1 Review, Projects and Integrated Skills",1,"B1 Review, Projects and Integrated Skills: Grammar Lesson 1",grammar,worksheets/b1-m06-l01-b1-review-projects-and-integrated-skills-grammar-lesson-1.docx,worksheets/b1-m06-l01-b1-review-projects-and-integrated-skills-grammar-lesson-1.pdf,answer_keys/b1-m06-l01-b1-review-projects-and-integrated-skills-grammar-lesson-1-answer-key.pdf,audio/b1-m06-l01-listening.mp3
B1-M06-L02,B1,B1 Independent English,6,"B1 Review, Projects and Integrated Skills",2,"B1 Review, Projects and Integrated Skills: Vocabulary Lesson 2",vocabulary,worksheets/b1-m06-l02-b1-review-projects-and-integrated-skills-vocabulary-lesson-2.docx,worksheets/b1-m06-l02-b1-review-projects-and-integrated-skills-vocabulary-lesson-2.pdf,answer_keys/b1-m06-l02-b1-review-projects-and-integrated-skills-vocabulary-lesson-2-answer-key.pdf,audio/b1-m06-l02-listening.mp3
B1-M06-L03,B1,B1 Independent English,6,"B1 Review, Projects and Integrated Skills",3,"B1 Review, Projects and Integrated Skills: Reading Lesson 3",reading,worksheets/b1-m06-l03-b1-review-projects-and-integrated-skills-reading-lesson-3.docx,worksheets/b1-m06-l03-b1-review-projects-and-integrated-skills-reading-lesson-3.pdf,answer_keys/b1-m06-l03-b1-review-projects-and-integrated-skills-reading-lesson-3-answer-key.pdf,audio/b1-m06-l03-listening.mp3
B1-M06-L04,B1,B1 Independent English,6,"B1 Review, Projects and Integrated Skills",4,"B1 Review, Projects and Integrated Skills: Listening Lesson 4",listening,worksheets/b1-m06-l04-b1-review-projects-and-integrated-skills-listening-lesson-4.docx,worksheets/b1-m06-l04-b1-review-projects-and-integrated-skills-listening-lesson-4.pdf,answer_keys/b1-m06-l04-b1-review-projects-and-integrated-skills-listening-lesson-4-answer-key.pdf,audio/b1-m06-l04-listening.mp3
B1-M06-L05,B1,B1 Independent English,6,"B1 Review, Projects and Integrated Skills",5,"B1 Review, Projects and Integrated Skills: Speaking Lesson 5",speaking,worksheets/b1-m06-l05-b1-review-projects-and-integrated-skills-speaking-lesson-5.docx,worksheets/b1-m06-l05-b1-review-projects-and-integrated-skills-speaking-lesson-5.pdf,answer_keys/b1-m06-l05-b1-review-projects-and-integrated-skills-speaking-lesson-5-answer-key.pdf,audio/b1-m06-l05-listening.mp3
B1-M06-L06,B1,B1 Independent English,6,"B1 Review, Projects and Integrated Skills",6,"B1 Review, Projects and Integrated Skills: Writing Lesson 6",writing,worksheets/b1-m06-l06-b1-review-projects-and-integrated-skills-writing-lesson-6.docx,worksheets/b1-m06-l06-b1-review-projects-and-integrated-skills-writing-lesson-6.pdf,answer_keys/b1-m06-l06-b1-review-projects-and-integrated-skills-writing-lesson-6-answer-key.pdf,audio/b1-m06-l06-listening.mp3
B2-M01-L01,B2,B2 Confident English,1,Complex Communication and Debate,1,Complex Communication and Debate: Grammar Lesson 1,grammar,worksheets/b2-m01-l01-complex-communication-and-debate-grammar-lesson-1.docx,worksheets/b2-m01-l01-complex-communication-and-debate-grammar-lesson-1.pdf,answer_keys/b2-m01-l01-complex-communication-and-debate-grammar-lesson-1-answer-key.pdf,audio/b2-m01-l01-listening.mp3
B2-M01-L02,B2,B2 Confident English,1,Complex Communication and Debate,2,Complex Communication and Debate: Vocabulary Lesson 2,vocabulary,worksheets/b2-m01-l02-complex-communication-and-debate-vocabulary-lesson-2.docx,worksheets/b2-m01-l02-complex-communication-and-debate-vocabulary-lesson-2.pdf,answer_keys/b2-m01-l02-complex-communication-and-debate-vocabulary-lesson-2-answer-key.pdf,audio/b2-m01-l02-listening.mp3
B2-M01-L03,B2,B2 Confident English,1,Complex Communication and Debate,3,Complex Communication and Debate: Reading Lesson 3,reading,worksheets/b2-m01-l03-complex-communication-and-debate-reading-lesson-3.docx,worksheets/b2-m01-l03-complex-communication-and-debate-reading-lesson-3.pdf,answer_keys/b2-m01-l03-complex-communication-and-debate-reading-lesson-3-answer-key.pdf,audio/b2-m01-l03-listening.mp3
B2-M01-L04,B2,B2 Confident English,1,Complex Communication and Debate,4,Complex Communication and Debate: Listening Lesson 4,listening,worksheets/b2-m01-l04-complex-communication-and-debate-listening-lesson-4.docx,worksheets/b2-m01-l04-complex-communication-and-debate-listening-lesson-4.pdf,answer_keys/b2-m01-l04-complex-communication-and-debate-listening-lesson-4-answer-key.pdf,audio/b2-m01-l04-listening.mp3
B2-M01-L05,B2,B2 Confident English,1,Complex Communication and Debate,5,Complex Communication and Debate: Speaking Lesson 5,speaking,worksheets/b2-m01-l05-complex-communication-and-debate-speaking-lesson-5.docx,worksheets/b2-m01-l05-complex-communication-and-debate-speaking-lesson-5.pdf,answer_keys/b2-m01-l05-complex-communication-and-debate-speaking-lesson-5-answer-key.pdf,audio/b2-m01-l05-listening.mp3
B2-M01-L06,B2,B2 Confident English,1,Complex Communication and Debate,6,Complex Communication and Debate: Writing Lesson 6,writing,worksheets/b2-m01-l06-complex-communication-and-debate-writing-lesson-6.docx,worksheets/b2-m01-l06-complex-communication-and-debate-writing-lesson-6.pdf,answer_keys/b2-m01-l06-complex-communication-and-debate-writing-lesson-6-answer-key.pdf,audio/b2-m01-l06-listening.mp3
B2-M02-L01,B2,B2 Confident English,2,Professional and Academic Skills,1,Professional and Academic Skills: Grammar Lesson 1,grammar,worksheets/b2-m02-l01-professional-and-academic-skills-grammar-lesson-1.docx,worksheets/b2-m02-l01-professional-and-academic-skills-grammar-lesson-1.pdf,answer_keys/b2-m02-l01-professional-and-academic-skills-grammar-lesson-1-answer-key.pdf,audio/b2-m02-l01-listening.mp3
B2-M02-L02,B2,B2 Confident English,2,Professional and Academic Skills,2,Professional and Academic Skills: Vocabulary Lesson 2,vocabulary,worksheets/b2-m02-l02-professional-and-academic-skills-vocabulary-lesson-2.docx,worksheets/b2-m02-l02-professional-and-academic-skills-vocabulary-lesson-2.pdf,answer_keys/b2-m02-l02-professional-and-academic-skills-vocabulary-lesson-2-answer-key.pdf,audio/b2-m02-l02-listening.mp3
B2-M02-L03,B2,B2 Confident English,2,Professional and Academic Skills,3,Professional and Academic Skills: Reading Lesson 3,reading,worksheets/b2-m02-l03-professional-and-academic-skills-reading-lesson-3.docx,worksheets/b2-m02-l03-professional-and-academic-skills-reading-lesson-3.pdf,answer_keys/b2-m02-l03-professional-and-academic-skills-reading-lesson-3-answer-key.pdf,audio/b2-m02-l03-listening.mp3
B2-M02-L04,B2,B2 Confident English,2,Professional and Academic Skills,4,Professional and Academic Skills: Listening Lesson 4,listening,worksheets/b2-m02-l04-professional-and-academic-skills-listening-lesson-4.docx,worksheets/b2-m02-l04-professional-and-academic-skills-listening-lesson-4.pdf,answer_keys/b2-m02-l04-professional-and-academic-skills-listening-lesson-4-answer-key.pdf,audio/b2-m02-l04-listening.mp3
B2-M02-L05,B2,B2 Confident English,2,Professional and Academic Skills,5,Professional and Academic Skills: Speaking Lesson 5,speaking,worksheets/b2-m02-l05-professional-and-academic-skills-speaking-lesson-5.docx,worksheets/b2-m02-l05-professional-and-academic-skills-speaking-lesson-5.pdf,answer_keys/b2-m02-l05-professional-and-academic-skills-speaking-lesson-5-answer-key.pdf,audio/b2-m02-l05-listening.mp3
B2-M02-L06,B2,B2 Confident English,2,Professional and Academic Skills,6,Professional and Academic Skills: Writing Lesson 6,writing,worksheets/b2-m02-l06-professional-and-academic-skills-writing-lesson-6.docx,worksheets/b2-m02-l06-professional-and-academic-skills-writing-lesson-6.pdf,answer_keys/b2-m02-l06-professional-and-academic-skills-writing-lesson-6-answer-key.pdf,audio/b2-m02-l06-listening.mp3
B2-M03-L01,B2,B2 Confident English,3,Advanced Reading and Listening,1,Advanced Reading and Listening: Grammar Lesson 1,grammar,worksheets/b2-m03-l01-advanced-reading-and-listening-grammar-lesson-1.docx,worksheets/b2-m03-l01-advanced-reading-and-listening-grammar-lesson-1.pdf,answer_keys/b2-m03-l01-advanced-reading-and-listening-grammar-lesson-1-answer-key.pdf,audio/b2-m03-l01-listening.mp3
B2-M03-L02,B2,B2 Confident English,3,Advanced Reading and Listening,2,Advanced Reading and Listening: Vocabulary Lesson 2,vocabulary,worksheets/b2-m03-l02-advanced-reading-and-listening-vocabulary-lesson-2.docx,worksheets/b2-m03-l02-advanced-reading-and-listening-vocabulary-lesson-2.pdf,answer_keys/b2-m03-l02-advanced-reading-and-listening-vocabulary-lesson-2-answer-key.pdf,audio/b2-m03-l02-listening.mp3
B2-M03-L03,B2,B2 Confident English,3,Advanced Reading and Listening,3,Advanced Reading and Listening: Reading Lesson 3,reading,worksheets/b2-m03-l03-advanced-reading-and-listening-reading-lesson-3.docx,worksheets/b2-m03-l03-advanced-reading-and-listening-reading-lesson-3.pdf,answer_keys/b2-m03-l03-advanced-reading-and-listening-reading-lesson-3-answer-key.pdf,audio/b2-m03-l03-listening.mp3
B2-M03-L04,B2,B2 Confident English,3,Advanced Reading and Listening,4,Advanced Reading and Listening: Listening Lesson 4,listening,worksheets/b2-m03-l04-advanced-reading-and-listening-listening-lesson-4.docx,worksheets/b2-m03-l04-advanced-reading-and-listening-listening-lesson-4.pdf,answer_keys/b2-m03-l04-advanced-reading-and-listening-listening-lesson-4-answer-key.pdf,audio/b2-m03-l04-listening.mp3
B2-M03-L05,B2,B2 Confident English,3,Advanced Reading and Listening,5,Advanced Reading and Listening: Speaking Lesson 5,speaking,worksheets/b2-m03-l05-advanced-reading-and-listening-speaking-lesson-5.docx,worksheets/b2-m03-l05-advanced-reading-and-listening-speaking-lesson-5.pdf,answer_keys/b2-m03-l05-advanced-reading-and-listening-speaking-lesson-5-answer-key.pdf,audio/b2-m03-l05-listening.mp3
B2-M03-L06,B2,B2 Confident English,3,Advanced Reading and Listening,6,Advanced Reading and Listening: Writing Lesson 6,writing,worksheets/b2-m03-l06-advanced-reading-and-listening-writing-lesson-6.docx,worksheets/b2-m03-l06-advanced-reading-and-listening-writing-lesson-6.pdf,answer_keys/b2-m03-l06-advanced-reading-and-listening-writing-lesson-6-answer-key.pdf,audio/b2-m03-l06-listening.mp3
B2-M04-L01,B2,B2 Confident English,4,Writing Arguments and Reports,1,Writing Arguments and Reports: Grammar Lesson 1,grammar,worksheets/b2-m04-l01-writing-arguments-and-reports-grammar-lesson-1.docx,worksheets/b2-m04-l01-writing-arguments-and-reports-grammar-lesson-1.pdf,answer_keys/b2-m04-l01-writing-arguments-and-reports-grammar-lesson-1-answer-key.pdf,audio/b2-m04-l01-listening.mp3
B2-M04-L02,B2,B2 Confident English,4,Writing Arguments and Reports,2,Writing Arguments and Reports: Vocabulary Lesson 2,vocabulary,worksheets/b2-m04-l02-writing-arguments-and-reports-vocabulary-lesson-2.docx,worksheets/b2-m04-l02-writing-arguments-and-reports-vocabulary-lesson-2.pdf,answer_keys/b2-m04-l02-writing-arguments-and-reports-vocabulary-lesson-2-answer-key.pdf,audio/b2-m04-l02-listening.mp3
B2-M04-L03,B2,B2 Confident English,4,Writing Arguments and Reports,3,Writing Arguments and Reports: Reading Lesson 3,reading,worksheets/b2-m04-l03-writing-arguments-and-reports-reading-lesson-3.docx,worksheets/b2-m04-l03-writing-arguments-and-reports-reading-lesson-3.pdf,answer_keys/b2-m04-l03-writing-arguments-and-reports-reading-lesson-3-answer-key.pdf,audio/b2-m04-l03-listening.mp3
B2-M04-L04,B2,B2 Confident English,4,Writing Arguments and Reports,4,Writing Arguments and Reports: Listening Lesson 4,listening,worksheets/b2-m04-l04-writing-arguments-and-reports-listening-lesson-4.docx,worksheets/b2-m04-l04-writing-arguments-and-reports-listening-lesson-4.pdf,answer_keys/b2-m04-l04-writing-arguments-and-reports-listening-lesson-4-answer-key.pdf,audio/b2-m04-l04-listening.mp3
B2-M04-L05,B2,B2 Confident English,4,Writing Arguments and Reports,5,Writing Arguments and Reports: Speaking Lesson 5,speaking,worksheets/b2-m04-l05-writing-arguments-and-reports-speaking-lesson-5.docx,worksheets/b2-m04-l05-writing-arguments-and-reports-speaking-lesson-5.pdf,answer_keys/b2-m04-l05-writing-arguments-and-reports-speaking-lesson-5-answer-key.pdf,audio/b2-m04-l05-listening.mp3
B2-M04-L06,B2,B2 Confident English,4,Writing Arguments and Reports,6,Writing Arguments and Reports: Writing Lesson 6,writing,worksheets/b2-m04-l06-writing-arguments-and-reports-writing-lesson-6.docx,worksheets/b2-m04-l06-writing-arguments-and-reports-writing-lesson-6.pdf,answer_keys/b2-m04-l06-writing-arguments-and-reports-writing-lesson-6-answer-key.pdf,audio/b2-m04-l06-listening.mp3
B2-M05-L01,B2,B2 Confident English,5,Global Issues and Critical Thinking,1,Global Issues and Critical Thinking: Grammar Lesson 1,grammar,worksheets/b2-m05-l01-global-issues-and-critical-thinking-grammar-lesson-1.docx,worksheets/b2-m05-l01-global-issues-and-critical-thinking-grammar-lesson-1.pdf,answer_keys/b2-m05-l01-global-issues-and-critical-thinking-grammar-lesson-1-answer-key.pdf,audio/b2-m05-l01-listening.mp3
B2-M05-L02,B2,B2 Confident English,5,Global Issues and Critical Thinking,2,Global Issues and Critical Thinking: Vocabulary Lesson 2,vocabulary,worksheets/b2-m05-l02-global-issues-and-critical-thinking-vocabulary-lesson-2.docx,worksheets/b2-m05-l02-global-issues-and-critical-thinking-vocabulary-lesson-2.pdf,answer_keys/b2-m05-l02-global-issues-and-critical-thinking-vocabulary-lesson-2-answer-key.pdf,audio/b2-m05-l02-listening.mp3
B2-M05-L03,B2,B2 Confident English,5,Global Issues and Critical Thinking,3,Global Issues and Critical Thinking: Reading Lesson 3,reading,worksheets/b2-m05-l03-global-issues-and-critical-thinking-reading-lesson-3.docx,worksheets/b2-m05-l03-global-issues-and-critical-thinking-reading-lesson-3.pdf,answer_keys/b2-m05-l03-global-issues-and-critical-thinking-reading-lesson-3-answer-key.pdf,audio/b2-m05-l03-listening.mp3
B2-M05-L04,B2,B2 Confident English,5,Global Issues and Critical Thinking,4,Global Issues and Critical Thinking: Listening Lesson 4,listening,worksheets/b2-m05-l04-global-issues-and-critical-thinking-listening-lesson-4.docx,worksheets/b2-m05-l04-global-issues-and-critical-thinking-listening-lesson-4.pdf,answer_keys/b2-m05-l04-global-issues-and-critical-thinking-listening-lesson-4-answer-key.pdf,audio/b2-m05-l04-listening.mp3
B2-M05-L05,B2,B2 Confident English,5,Global Issues and Critical Thinking,5,Global Issues and Critical Thinking: Speaking Lesson 5,speaking,worksheets/b2-m05-l05-global-issues-and-critical-thinking-speaking-lesson-5.docx,worksheets/b2-m05-l05-global-issues-and-critical-thinking-speaking-lesson-5.pdf,answer_keys/b2-m05-l05-global-issues-and-critical-thinking-speaking-lesson-5-answer-key.pdf,audio/b2-m05-l05-listening.mp3
B2-M05-L06,B2,B2 Confident English,5,Global Issues and Critical Thinking,6,Global Issues and Critical Thinking: Writing Lesson 6,writing,worksheets/b2-m05-l06-global-issues-and-critical-thinking-writing-lesson-6.docx,worksheets/b2-m05-l06-global-issues-and-critical-thinking-writing-lesson-6.pdf,answer_keys/b2-m05-l06-global-issues-and-critical-thinking-writing-lesson-6-answer-key.pdf,audio/b2-m05-l06-listening.mp3
B2-M06-L01,B2,B2 Confident English,6,"B2 Review, Presentations and Integrated Assessment",1,"B2 Review, Presentations and Integrated Assessment: Grammar Lesson 1",grammar,worksheets/b2-m06-l01-b2-review-presentations-and-integrated-assessment-grammar-lesson-1.docx,worksheets/b2-m06-l01-b2-review-presentations-and-integrated-assessment-grammar-lesson-1.pdf,answer_keys/b2-m06-l01-b2-review-presentations-and-integrated-assessment-grammar-lesson-1-answer-key.pdf,audio/b2-m06-l01-listening.mp3
B2-M06-L02,B2,B2 Confident English,6,"B2 Review, Presentations and Integrated Assessment",2,"B2 Review, Presentations and Integrated Assessment: Vocabulary Lesson 2",vocabulary,worksheets/b2-m06-l02-b2-review-presentations-and-integrated-assessment-vocabulary-lesson-2.docx,worksheets/b2-m06-l02-b2-review-presentations-and-integrated-assessment-vocabulary-lesson-2.pdf,answer_keys/b2-m06-l02-b2-review-presentations-and-integrated-assessment-vocabulary-lesson-2-answer-key.pdf,audio/b2-m06-l02-listening.mp3
B2-M06-L03,B2,B2 Confident English,6,"B2 Review, Presentations and Integrated Assessment",3,"B2 Review, Presentations and Integrated Assessment: Reading Lesson 3",reading,worksheets/b2-m06-l03-b2-review-presentations-and-integrated-assessment-reading-lesson-3.docx,worksheets/b2-m06-l03-b2-review-presentations-and-integrated-assessment-reading-lesson-3.pdf,answer_keys/b2-m06-l03-b2-review-presentations-and-integrated-assessment-reading-lesson-3-answer-key.pdf,audio/b2-m06-l03-listening.mp3
B2-M06-L04,B2,B2 Confident English,6,"B2 Review, Presentations and Integrated Assessment",4,"B2 Review, Presentations and Integrated Assessment: Listening Lesson 4",listening,worksheets/b2-m06-l04-b2-review-presentations-and-integrated-assessment-listening-lesson-4.docx,worksheets/b2-m06-l04-b2-review-presentations-and-integrated-assessment-listening-lesson-4.pdf,answer_keys/b2-m06-l04-b2-review-presentations-and-integrated-assessment-listening-lesson-4-answer-key.pdf,audio/b2-m06-l04-listening.mp3
B2-M06-L05,B2,B2 Confident English,6,"B2 Review, Presentations and Integrated Assessment",5,"B2 Review, Presentations and Integrated Assessment: Speaking Lesson 5",speaking,worksheets/b2-m06-l05-b2-review-presentations-and-integrated-assessment-speaking-lesson-5.docx,worksheets/b2-m06-l05-b2-review-presentations-and-integrated-assessment-speaking-lesson-5.pdf,answer_keys/b2-m06-l05-b2-review-presentations-and-integrated-assessment-speaking-lesson-5-answer-key.pdf,audio/b2-m06-l05-listening.mp3
B2-M06-L06,B2,B2 Confident English,6,"B2 Review, Presentations and Integrated Assessment",6,"B2 Review, Presentations and Integrated Assessment: Writing Lesson 6",writing,worksheets/b2-m06-l06-b2-review-presentations-and-integrated-assessment-writing-lesson-6.docx,worksheets/b2-m06-l06-b2-review-presentations-and-integrated-assessment-writing-lesson-6.pdf,answer_keys/b2-m06-l06-b2-review-presentations-and-integrated-assessment-writing-lesson-6-answer-key.pdf,audio/b2-m06-l06-listening.mp3
C1-M01-L01,C1,C1 Advanced English,1,Advanced Academic and Professional Discourse,1,Advanced Academic and Professional Discourse: Grammar Lesson 1,grammar,worksheets/c1-m01-l01-advanced-academic-and-professional-discourse-grammar-lesson-1.docx,worksheets/c1-m01-l01-advanced-academic-and-professional-discourse-grammar-lesson-1.pdf,answer_keys/c1-m01-l01-advanced-academic-and-professional-discourse-grammar-lesson-1-answer-key.pdf,audio/c1-m01-l01-listening.mp3
C1-M01-L02,C1,C1 Advanced English,1,Advanced Academic and Professional Discourse,2,Advanced Academic and Professional Discourse: Vocabulary Lesson 2,vocabulary,worksheets/c1-m01-l02-advanced-academic-and-professional-discourse-vocabulary-lesson-2.docx,worksheets/c1-m01-l02-advanced-academic-and-professional-discourse-vocabulary-lesson-2.pdf,answer_keys/c1-m01-l02-advanced-academic-and-professional-discourse-vocabulary-lesson-2-answer-key.pdf,audio/c1-m01-l02-listening.mp3
C1-M01-L03,C1,C1 Advanced English,1,Advanced Academic and Professional Discourse,3,Advanced Academic and Professional Discourse: Reading Lesson 3,reading,worksheets/c1-m01-l03-advanced-academic-and-professional-discourse-reading-lesson-3.docx,worksheets/c1-m01-l03-advanced-academic-and-professional-discourse-reading-lesson-3.pdf,answer_keys/c1-m01-l03-advanced-academic-and-professional-discourse-reading-lesson-3-answer-key.pdf,audio/c1-m01-l03-listening.mp3
C1-M01-L04,C1,C1 Advanced English,1,Advanced Academic and Professional Discourse,4,Advanced Academic and Professional Discourse: Listening Lesson 4,listening,worksheets/c1-m01-l04-advanced-academic-and-professional-discourse-listening-lesson-4.docx,worksheets/c1-m01-l04-advanced-academic-and-professional-discourse-listening-lesson-4.pdf,answer_keys/c1-m01-l04-advanced-academic-and-professional-discourse-listening-lesson-4-answer-key.pdf,audio/c1-m01-l04-listening.mp3
C1-M01-L05,C1,C1 Advanced English,1,Advanced Academic and Professional Discourse,5,Advanced Academic and Professional Discourse: Speaking Lesson 5,speaking,worksheets/c1-m01-l05-advanced-academic-and-professional-discourse-speaking-lesson-5.docx,worksheets/c1-m01-l05-advanced-academic-and-professional-discourse-speaking-lesson-5.pdf,answer_keys/c1-m01-l05-advanced-academic-and-professional-discourse-speaking-lesson-5-answer-key.pdf,audio/c1-m01-l05-listening.mp3
C1-M01-L06,C1,C1 Advanced English,1,Advanced Academic and Professional Discourse,6,Advanced Academic and Professional Discourse: Writing Lesson 6,writing,worksheets/c1-m01-l06-advanced-academic-and-professional-discourse-writing-lesson-6.docx,worksheets/c1-m01-l06-advanced-academic-and-professional-discourse-writing-lesson-6.pdf,answer_keys/c1-m01-l06-advanced-academic-and-professional-discourse-writing-lesson-6-answer-key.pdf,audio/c1-m01-l06-listening.mp3
C1-M02-L01,C1,C1 Advanced English,2,"Nuance, Register and Persuasion",1,"Nuance, Register and Persuasion: Grammar Lesson 1",grammar,worksheets/c1-m02-l01-nuance-register-and-persuasion-grammar-lesson-1.docx,worksheets/c1-m02-l01-nuance-register-and-persuasion-grammar-lesson-1.pdf,answer_keys/c1-m02-l01-nuance-register-and-persuasion-grammar-lesson-1-answer-key.pdf,audio/c1-m02-l01-listening.mp3
C1-M02-L02,C1,C1 Advanced English,2,"Nuance, Register and Persuasion",2,"Nuance, Register and Persuasion: Vocabulary Lesson 2",vocabulary,worksheets/c1-m02-l02-nuance-register-and-persuasion-vocabulary-lesson-2.docx,worksheets/c1-m02-l02-nuance-register-and-persuasion-vocabulary-lesson-2.pdf,answer_keys/c1-m02-l02-nuance-register-and-persuasion-vocabulary-lesson-2-answer-key.pdf,audio/c1-m02-l02-listening.mp3
C1-M02-L03,C1,C1 Advanced English,2,"Nuance, Register and Persuasion",3,"Nuance, Register and Persuasion: Reading Lesson 3",reading,worksheets/c1-m02-l03-nuance-register-and-persuasion-reading-lesson-3.docx,worksheets/c1-m02-l03-nuance-register-and-persuasion-reading-lesson-3.pdf,answer_keys/c1-m02-l03-nuance-register-and-persuasion-reading-lesson-3-answer-key.pdf,audio/c1-m02-l03-listening.mp3
C1-M02-L04,C1,C1 Advanced English,2,"Nuance, Register and Persuasion",4,"Nuance, Register and Persuasion: Listening Lesson 4",listening,worksheets/c1-m02-l04-nuance-register-and-persuasion-listening-lesson-4.docx,worksheets/c1-m02-l04-nuance-register-and-persuasion-listening-lesson-4.pdf,answer_keys/c1-m02-l04-nuance-register-and-persuasion-listening-lesson-4-answer-key.pdf,audio/c1-m02-l04-listening.mp3
C1-M02-L05,C1,C1 Advanced English,2,"Nuance, Register and Persuasion",5,"Nuance, Register and Persuasion: Speaking Lesson 5",speaking,worksheets/c1-m02-l05-nuance-register-and-persuasion-speaking-lesson-5.docx,worksheets/c1-m02-l05-nuance-register-and-persuasion-speaking-lesson-5.pdf,answer_keys/c1-m02-l05-nuance-register-and-persuasion-speaking-lesson-5-answer-key.pdf,audio/c1-m02-l05-listening.mp3
C1-M02-L06,C1,C1 Advanced English,2,"Nuance, Register and Persuasion",6,"Nuance, Register and Persuasion: Writing Lesson 6",writing,worksheets/c1-m02-l06-nuance-register-and-persuasion-writing-lesson-6.docx,worksheets/c1-m02-l06-nuance-register-and-persuasion-writing-lesson-6.pdf,answer_keys/c1-m02-l06-nuance-register-and-persuasion-writing-lesson-6-answer-key.pdf,audio/c1-m02-l06-listening.mp3
C1-M03-L01,C1,C1 Advanced English,3,"Research, Synthesis and Critical Evaluation",1,"Research, Synthesis and Critical Evaluation: Grammar Lesson 1",grammar,worksheets/c1-m03-l01-research-synthesis-and-critical-evaluation-grammar-lesson-1.docx,worksheets/c1-m03-l01-research-synthesis-and-critical-evaluation-grammar-lesson-1.pdf,answer_keys/c1-m03-l01-research-synthesis-and-critical-evaluation-grammar-lesson-1-answer-key.pdf,audio/c1-m03-l01-listening.mp3
C1-M03-L02,C1,C1 Advanced English,3,"Research, Synthesis and Critical Evaluation",2,"Research, Synthesis and Critical Evaluation: Vocabulary Lesson 2",vocabulary,worksheets/c1-m03-l02-research-synthesis-and-critical-evaluation-vocabulary-lesson-2.docx,worksheets/c1-m03-l02-research-synthesis-and-critical-evaluation-vocabulary-lesson-2.pdf,answer_keys/c1-m03-l02-research-synthesis-and-critical-evaluation-vocabulary-lesson-2-answer-key.pdf,audio/c1-m03-l02-listening.mp3
C1-M03-L03,C1,C1 Advanced English,3,"Research, Synthesis and Critical Evaluation",3,"Research, Synthesis and Critical Evaluation: Reading Lesson 3",reading,worksheets/c1-m03-l03-research-synthesis-and-critical-evaluation-reading-lesson-3.docx,worksheets/c1-m03-l03-research-synthesis-and-critical-evaluation-reading-lesson-3.pdf,answer_keys/c1-m03-l03-research-synthesis-and-critical-evaluation-reading-lesson-3-answer-key.pdf,audio/c1-m03-l03-listening.mp3
C1-M03-L04,C1,C1 Advanced English,3,"Research, Synthesis and Critical Evaluation",4,"Research, Synthesis and Critical Evaluation: Listening Lesson 4",listening,worksheets/c1-m03-l04-research-synthesis-and-critical-evaluation-listening-lesson-4.docx,worksheets/c1-m03-l04-research-synthesis-and-critical-evaluation-listening-lesson-4.pdf,answer_keys/c1-m03-l04-research-synthesis-and-critical-evaluation-listening-lesson-4-answer-key.pdf,audio/c1-m03-l04-listening.mp3
C1-M03-L05,C1,C1 Advanced English,3,"Research, Synthesis and Critical Evaluation",5,"Research, Synthesis and Critical Evaluation: Speaking Lesson 5",speaking,worksheets/c1-m03-l05-research-synthesis-and-critical-evaluation-speaking-lesson-5.docx,worksheets/c1-m03-l05-research-synthesis-and-critical-evaluation-speaking-lesson-5.pdf,answer_keys/c1-m03-l05-research-synthesis-and-critical-evaluation-speaking-lesson-5-answer-key.pdf,audio/c1-m03-l05-listening.mp3
C1-M03-L06,C1,C1 Advanced English,3,"Research, Synthesis and Critical Evaluation",6,"Research, Synthesis and Critical Evaluation: Writing Lesson 6",writing,worksheets/c1-m03-l06-research-synthesis-and-critical-evaluation-writing-lesson-6.docx,worksheets/c1-m03-l06-research-synthesis-and-critical-evaluation-writing-lesson-6.pdf,answer_keys/c1-m03-l06-research-synthesis-and-critical-evaluation-writing-lesson-6-answer-key.pdf,audio/c1-m03-l06-listening.mp3
C1-M04-L01,C1,C1 Advanced English,4,High-Level Writing and Speaking,1,High-Level Writing and Speaking: Grammar Lesson 1,grammar,worksheets/c1-m04-l01-high-level-writing-and-speaking-grammar-lesson-1.docx,worksheets/c1-m04-l01-high-level-writing-and-speaking-grammar-lesson-1.pdf,answer_keys/c1-m04-l01-high-level-writing-and-speaking-grammar-lesson-1-answer-key.pdf,audio/c1-m04-l01-listening.mp3
C1-M04-L02,C1,C1 Advanced English,4,High-Level Writing and Speaking,2,High-Level Writing and Speaking: Vocabulary Lesson 2,vocabulary,worksheets/c1-m04-l02-high-level-writing-and-speaking-vocabulary-lesson-2.docx,worksheets/c1-m04-l02-high-level-writing-and-speaking-vocabulary-lesson-2.pdf,answer_keys/c1-m04-l02-high-level-writing-and-speaking-vocabulary-lesson-2-answer-key.pdf,audio/c1-m04-l02-listening.mp3
C1-M04-L03,C1,C1 Advanced English,4,High-Level Writing and Speaking,3,High-Level Writing and Speaking: Reading Lesson 3,reading,worksheets/c1-m04-l03-high-level-writing-and-speaking-reading-lesson-3.docx,worksheets/c1-m04-l03-high-level-writing-and-speaking-reading-lesson-3.pdf,answer_keys/c1-m04-l03-high-level-writing-and-speaking-reading-lesson-3-answer-key.pdf,audio/c1-m04-l03-listening.mp3
C1-M04-L04,C1,C1 Advanced English,4,High-Level Writing and Speaking,4,High-Level Writing and Speaking: Listening Lesson 4,listening,worksheets/c1-m04-l04-high-level-writing-and-speaking-listening-lesson-4.docx,worksheets/c1-m04-l04-high-level-writing-and-speaking-listening-lesson-4.pdf,answer_keys/c1-m04-l04-high-level-writing-and-speaking-listening-lesson-4-answer-key.pdf,audio/c1-m04-l04-listening.mp3
C1-M04-L05,C1,C1 Advanced English,4,High-Level Writing and Speaking,5,High-Level Writing and Speaking: Speaking Lesson 5,speaking,worksheets/c1-m04-l05-high-level-writing-and-speaking-speaking-lesson-5.docx,worksheets/c1-m04-l05-high-level-writing-and-speaking-speaking-lesson-5.pdf,answer_keys/c1-m04-l05-high-level-writing-and-speaking-speaking-lesson-5-answer-key.pdf,audio/c1-m04-l05-listening.mp3
C1-M04-L06,C1,C1 Advanced English,4,High-Level Writing and Speaking,6,High-Level Writing and Speaking: Writing Lesson 6,writing,worksheets/c1-m04-l06-high-level-writing-and-speaking-writing-lesson-6.docx,worksheets/c1-m04-l06-high-level-writing-and-speaking-writing-lesson-6.pdf,answer_keys/c1-m04-l06-high-level-writing-and-speaking-writing-lesson-6-answer-key.pdf,audio/c1-m04-l06-listening.mp3
C1-M05-L01,C1,C1 Advanced English,5,"Leadership, Policy and Complex Interaction",1,"Leadership, Policy and Complex Interaction: Grammar Lesson 1",grammar,worksheets/c1-m05-l01-leadership-policy-and-complex-interaction-grammar-lesson-1.docx,worksheets/c1-m05-l01-leadership-policy-and-complex-interaction-grammar-lesson-1.pdf,answer_keys/c1-m05-l01-leadership-policy-and-complex-interaction-grammar-lesson-1-answer-key.pdf,audio/c1-m05-l01-listening.mp3
C1-M05-L02,C1,C1 Advanced English,5,"Leadership, Policy and Complex Interaction",2,"Leadership, Policy and Complex Interaction: Vocabulary Lesson 2",vocabulary,worksheets/c1-m05-l02-leadership-policy-and-complex-interaction-vocabulary-lesson-2.docx,worksheets/c1-m05-l02-leadership-policy-and-complex-interaction-vocabulary-lesson-2.pdf,answer_keys/c1-m05-l02-leadership-policy-and-complex-interaction-vocabulary-lesson-2-answer-key.pdf,audio/c1-m05-l02-listening.mp3
C1-M05-L03,C1,C1 Advanced English,5,"Leadership, Policy and Complex Interaction",3,"Leadership, Policy and Complex Interaction: Reading Lesson 3",reading,worksheets/c1-m05-l03-leadership-policy-and-complex-interaction-reading-lesson-3.docx,worksheets/c1-m05-l03-leadership-policy-and-complex-interaction-reading-lesson-3.pdf,answer_keys/c1-m05-l03-leadership-policy-and-complex-interaction-reading-lesson-3-answer-key.pdf,audio/c1-m05-l03-listening.mp3
C1-M05-L04,C1,C1 Advanced English,5,"Leadership, Policy and Complex Interaction",4,"Leadership, Policy and Complex Interaction: Listening Lesson 4",listening,worksheets/c1-m05-l04-leadership-policy-and-complex-interaction-listening-lesson-4.docx,worksheets/c1-m05-l04-leadership-policy-and-complex-interaction-listening-lesson-4.pdf,answer_keys/c1-m05-l04-leadership-policy-and-complex-interaction-listening-lesson-4-answer-key.pdf,audio/c1-m05-l04-listening.mp3
C1-M05-L05,C1,C1 Advanced English,5,"Leadership, Policy and Complex Interaction",5,"Leadership, Policy and Complex Interaction: Speaking Lesson 5",speaking,worksheets/c1-m05-l05-leadership-policy-and-complex-interaction-speaking-lesson-5.docx,worksheets/c1-m05-l05-leadership-policy-and-complex-interaction-speaking-lesson-5.pdf,answer_keys/c1-m05-l05-leadership-policy-and-complex-interaction-speaking-lesson-5-answer-key.pdf,audio/c1-m05-l05-listening.mp3
C1-M05-L06,C1,C1 Advanced English,5,"Leadership, Policy and Complex Interaction",6,"Leadership, Policy and Complex Interaction: Writing Lesson 6",writing,worksheets/c1-m05-l06-leadership-policy-and-complex-interaction-writing-lesson-6.docx,worksheets/c1-m05-l06-leadership-policy-and-complex-interaction-writing-lesson-6.pdf,answer_keys/c1-m05-l06-leadership-policy-and-complex-interaction-writing-lesson-6-answer-key.pdf,audio/c1-m05-l06-listening.mp3
C1-M06-L01,C1,C1 Advanced English,6,"C1 Review, Portfolio and Performance Assessment",1,"C1 Review, Portfolio and Performance Assessment: Grammar Lesson 1",grammar,worksheets/c1-m06-l01-c1-review-portfolio-and-performance-assessment-grammar-lesson-1.docx,worksheets/c1-m06-l01-c1-review-portfolio-and-performance-assessment-grammar-lesson-1.pdf,answer_keys/c1-m06-l01-c1-review-portfolio-and-performance-assessment-grammar-lesson-1-answer-key.pdf,audio/c1-m06-l01-listening.mp3
C1-M06-L02,C1,C1 Advanced English,6,"C1 Review, Portfolio and Performance Assessment",2,"C1 Review, Portfolio and Performance Assessment: Vocabulary Lesson 2",vocabulary,worksheets/c1-m06-l02-c1-review-portfolio-and-performance-assessment-vocabulary-lesson-2.docx,worksheets/c1-m06-l02-c1-review-portfolio-and-performance-assessment-vocabulary-lesson-2.pdf,answer_keys/c1-m06-l02-c1-review-portfolio-and-performance-assessment-vocabulary-lesson-2-answer-key.pdf,audio/c1-m06-l02-listening.mp3
C1-M06-L03,C1,C1 Advanced English,6,"C1 Review, Portfolio and Performance Assessment",3,"C1 Review, Portfolio and Performance Assessment: Reading Lesson 3",reading,worksheets/c1-m06-l03-c1-review-portfolio-and-performance-assessment-reading-lesson-3.docx,worksheets/c1-m06-l03-c1-review-portfolio-and-performance-assessment-reading-lesson-3.pdf,answer_keys/c1-m06-l03-c1-review-portfolio-and-performance-assessment-reading-lesson-3-answer-key.pdf,audio/c1-m06-l03-listening.mp3
C1-M06-L04,C1,C1 Advanced English,6,"C1 Review, Portfolio and Performance Assessment",4,"C1 Review, Portfolio and Performance Assessment: Listening Lesson 4",listening,worksheets/c1-m06-l04-c1-review-portfolio-and-performance-assessment-listening-lesson-4.docx,worksheets/c1-m06-l04-c1-review-portfolio-and-performance-assessment-listening-lesson-4.pdf,answer_keys/c1-m06-l04-c1-review-portfolio-and-performance-assessment-listening-lesson-4-answer-key.pdf,audio/c1-m06-l04-listening.mp3
C1-M06-L05,C1,C1 Advanced English,6,"C1 Review, Portfolio and Performance Assessment",5,"C1 Review, Portfolio and Performance Assessment: Speaking Lesson 5",speaking,worksheets/c1-m06-l05-c1-review-portfolio-and-performance-assessment-speaking-lesson-5.docx,worksheets/c1-m06-l05-c1-review-portfolio-and-performance-assessment-speaking-lesson-5.pdf,answer_keys/c1-m06-l05-c1-review-portfolio-and-performance-assessment-speaking-lesson-5-answer-key.pdf,audio/c1-m06-l05-listening.mp3
C1-M06-L06,C1,C1 Advanced English,6,"C1 Review, Portfolio and Performance Assessment",6,"C1 Review, Portfolio and Performance Assessment: Writing Lesson 6",writing,worksheets/c1-m06-l06-c1-review-portfolio-and-performance-assessment-writing-lesson-6.docx,worksheets/c1-m06-l06-c1-review-portfolio-and-performance-assessment-writing-lesson-6.pdf,answer_keys/c1-m06-l06-c1-review-portfolio-and-performance-assessment-writing-lesson-6-answer-key.pdf,audio/c1-m06-l06-listening.mp3
C2-M01-L01,C2,C2 Mastery English,1,"Mastery of Style, Register and Precision",1,"Mastery of Style, Register and Precision: Grammar Lesson 1",grammar,worksheets/c2-m01-l01-mastery-of-style-register-and-precision-grammar-lesson-1.docx,worksheets/c2-m01-l01-mastery-of-style-register-and-precision-grammar-lesson-1.pdf,answer_keys/c2-m01-l01-mastery-of-style-register-and-precision-grammar-lesson-1-answer-key.pdf,audio/c2-m01-l01-listening.mp3
C2-M01-L02,C2,C2 Mastery English,1,"Mastery of Style, Register and Precision",2,"Mastery of Style, Register and Precision: Vocabulary Lesson 2",vocabulary,worksheets/c2-m01-l02-mastery-of-style-register-and-precision-vocabulary-lesson-2.docx,worksheets/c2-m01-l02-mastery-of-style-register-and-precision-vocabulary-lesson-2.pdf,answer_keys/c2-m01-l02-mastery-of-style-register-and-precision-vocabulary-lesson-2-answer-key.pdf,audio/c2-m01-l02-listening.mp3
C2-M01-L03,C2,C2 Mastery English,1,"Mastery of Style, Register and Precision",3,"Mastery of Style, Register and Precision: Reading Lesson 3",reading,worksheets/c2-m01-l03-mastery-of-style-register-and-precision-reading-lesson-3.docx,worksheets/c2-m01-l03-mastery-of-style-register-and-precision-reading-lesson-3.pdf,answer_keys/c2-m01-l03-mastery-of-style-register-and-precision-reading-lesson-3-answer-key.pdf,audio/c2-m01-l03-listening.mp3
C2-M01-L04,C2,C2 Mastery English,1,"Mastery of Style, Register and Precision",4,"Mastery of Style, Register and Precision: Listening Lesson 4",listening,worksheets/c2-m01-l04-mastery-of-style-register-and-precision-listening-lesson-4.docx,worksheets/c2-m01-l04-mastery-of-style-register-and-precision-listening-lesson-4.pdf,answer_keys/c2-m01-l04-mastery-of-style-register-and-precision-listening-lesson-4-answer-key.pdf,audio/c2-m01-l04-listening.mp3
C2-M01-L05,C2,C2 Mastery English,1,"Mastery of Style, Register and Precision",5,"Mastery of Style, Register and Precision: Speaking Lesson 5",speaking,worksheets/c2-m01-l05-mastery-of-style-register-and-precision-speaking-lesson-5.docx,worksheets/c2-m01-l05-mastery-of-style-register-and-precision-speaking-lesson-5.pdf,answer_keys/c2-m01-l05-mastery-of-style-register-and-precision-speaking-lesson-5-answer-key.pdf,audio/c2-m01-l05-listening.mp3
C2-M01-L06,C2,C2 Mastery English,1,"Mastery of Style, Register and Precision",6,"Mastery of Style, Register and Precision: Writing Lesson 6",writing,worksheets/c2-m01-l06-mastery-of-style-register-and-precision-writing-lesson-6.docx,worksheets/c2-m01-l06-mastery-of-style-register-and-precision-writing-lesson-6.pdf,answer_keys/c2-m01-l06-mastery-of-style-register-and-precision-writing-lesson-6-answer-key.pdf,audio/c2-m01-l06-listening.mp3
C2-M02-L01,C2,C2 Mastery English,2,"Complex Texts, Literature and Culture",1,"Complex Texts, Literature and Culture: Grammar Lesson 1",grammar,worksheets/c2-m02-l01-complex-texts-literature-and-culture-grammar-lesson-1.docx,worksheets/c2-m02-l01-complex-texts-literature-and-culture-grammar-lesson-1.pdf,answer_keys/c2-m02-l01-complex-texts-literature-and-culture-grammar-lesson-1-answer-key.pdf,audio/c2-m02-l01-listening.mp3
C2-M02-L02,C2,C2 Mastery English,2,"Complex Texts, Literature and Culture",2,"Complex Texts, Literature and Culture: Vocabulary Lesson 2",vocabulary,worksheets/c2-m02-l02-complex-texts-literature-and-culture-vocabulary-lesson-2.docx,worksheets/c2-m02-l02-complex-texts-literature-and-culture-vocabulary-lesson-2.pdf,answer_keys/c2-m02-l02-complex-texts-literature-and-culture-vocabulary-lesson-2-answer-key.pdf,audio/c2-m02-l02-listening.mp3
C2-M02-L03,C2,C2 Mastery English,2,"Complex Texts, Literature and Culture",3,"Complex Texts, Literature and Culture: Reading Lesson 3",reading,worksheets/c2-m02-l03-complex-texts-literature-and-culture-reading-lesson-3.docx,worksheets/c2-m02-l03-complex-texts-literature-and-culture-reading-lesson-3.pdf,answer_keys/c2-m02-l03-complex-texts-literature-and-culture-reading-lesson-3-answer-key.pdf,audio/c2-m02-l03-listening.mp3
C2-M02-L04,C2,C2 Mastery English,2,"Complex Texts, Literature and Culture",4,"Complex Texts, Literature and Culture: Listening Lesson 4",listening,worksheets/c2-m02-l04-complex-texts-literature-and-culture-listening-lesson-4.docx,worksheets/c2-m02-l04-complex-texts-literature-and-culture-listening-lesson-4.pdf,answer_keys/c2-m02-l04-complex-texts-literature-and-culture-listening-lesson-4-answer-key.pdf,audio/c2-m02-l04-listening.mp3
C2-M02-L05,C2,C2 Mastery English,2,"Complex Texts, Literature and Culture",5,"Complex Texts, Literature and Culture: Speaking Lesson 5",speaking,worksheets/c2-m02-l05-complex-texts-literature-and-culture-speaking-lesson-5.docx,worksheets/c2-m02-l05-complex-texts-literature-and-culture-speaking-lesson-5.pdf,answer_keys/c2-m02-l05-complex-texts-literature-and-culture-speaking-lesson-5-answer-key.pdf,audio/c2-m02-l05-listening.mp3
C2-M02-L06,C2,C2 Mastery English,2,"Complex Texts, Literature and Culture",6,"Complex Texts, Literature and Culture: Writing Lesson 6",writing,worksheets/c2-m02-l06-complex-texts-literature-and-culture-writing-lesson-6.docx,worksheets/c2-m02-l06-complex-texts-literature-and-culture-writing-lesson-6.pdf,answer_keys/c2-m02-l06-complex-texts-literature-and-culture-writing-lesson-6-answer-key.pdf,audio/c2-m02-l06-listening.mp3
C2-M03-L01,C2,C2 Mastery English,3,Specialised Academic and Professional English,1,Specialised Academic and Professional English: Grammar Lesson 1,grammar,worksheets/c2-m03-l01-specialised-academic-and-professional-english-grammar-lesson-1.docx,worksheets/c2-m03-l01-specialised-academic-and-professional-english-grammar-lesson-1.pdf,answer_keys/c2-m03-l01-specialised-academic-and-professional-english-grammar-lesson-1-answer-key.pdf,audio/c2-m03-l01-listening.mp3
C2-M03-L02,C2,C2 Mastery English,3,Specialised Academic and Professional English,2,Specialised Academic and Professional English: Vocabulary Lesson 2,vocabulary,worksheets/c2-m03-l02-specialised-academic-and-professional-english-vocabulary-lesson-2.docx,worksheets/c2-m03-l02-specialised-academic-and-professional-english-vocabulary-lesson-2.pdf,answer_keys/c2-m03-l02-specialised-academic-and-professional-english-vocabulary-lesson-2-answer-key.pdf,audio/c2-m03-l02-listening.mp3
C2-M03-L03,C2,C2 Mastery English,3,Specialised Academic and Professional English,3,Specialised Academic and Professional English: Reading Lesson 3,reading,worksheets/c2-m03-l03-specialised-academic-and-professional-english-reading-lesson-3.docx,worksheets/c2-m03-l03-specialised-academic-and-professional-english-reading-lesson-3.pdf,answer_keys/c2-m03-l03-specialised-academic-and-professional-english-reading-lesson-3-answer-key.pdf,audio/c2-m03-l03-listening.mp3
C2-M03-L04,C2,C2 Mastery English,3,Specialised Academic and Professional English,4,Specialised Academic and Professional English: Listening Lesson 4,listening,worksheets/c2-m03-l04-specialised-academic-and-professional-english-listening-lesson-4.docx,worksheets/c2-m03-l04-specialised-academic-and-professional-english-listening-lesson-4.pdf,answer_keys/c2-m03-l04-specialised-academic-and-professional-english-listening-lesson-4-answer-key.pdf,audio/c2-m03-l04-listening.mp3
C2-M03-L05,C2,C2 Mastery English,3,Specialised Academic and Professional English,5,Specialised Academic and Professional English: Speaking Lesson 5,speaking,worksheets/c2-m03-l05-specialised-academic-and-professional-english-speaking-lesson-5.docx,worksheets/c2-m03-l05-specialised-academic-and-professional-english-speaking-lesson-5.pdf,answer_keys/c2-m03-l05-specialised-academic-and-professional-english-speaking-lesson-5-answer-key.pdf,audio/c2-m03-l05-listening.mp3
C2-M03-L06,C2,C2 Mastery English,3,Specialised Academic and Professional English,6,Specialised Academic and Professional English: Writing Lesson 6,writing,worksheets/c2-m03-l06-specialised-academic-and-professional-english-writing-lesson-6.docx,worksheets/c2-m03-l06-specialised-academic-and-professional-english-writing-lesson-6.pdf,answer_keys/c2-m03-l06-specialised-academic-and-professional-english-writing-lesson-6-answer-key.pdf,audio/c2-m03-l06-listening.mp3
C2-M04-L01,C2,C2 Mastery English,4,"Rhetoric, Diplomacy and High-Stakes Communication",1,"Rhetoric, Diplomacy and High-Stakes Communication: Grammar Lesson 1",grammar,worksheets/c2-m04-l01-rhetoric-diplomacy-and-high-stakes-communication-grammar-lesson-1.docx,worksheets/c2-m04-l01-rhetoric-diplomacy-and-high-stakes-communication-grammar-lesson-1.pdf,answer_keys/c2-m04-l01-rhetoric-diplomacy-and-high-stakes-communication-grammar-lesson-1-answer-key.pdf,audio/c2-m04-l01-listening.mp3
C2-M04-L02,C2,C2 Mastery English,4,"Rhetoric, Diplomacy and High-Stakes Communication",2,"Rhetoric, Diplomacy and High-Stakes Communication: Vocabulary Lesson 2",vocabulary,worksheets/c2-m04-l02-rhetoric-diplomacy-and-high-stakes-communication-vocabulary-lesson-2.docx,worksheets/c2-m04-l02-rhetoric-diplomacy-and-high-stakes-communication-vocabulary-lesson-2.pdf,answer_keys/c2-m04-l02-rhetoric-diplomacy-and-high-stakes-communication-vocabulary-lesson-2-answer-key.pdf,audio/c2-m04-l02-listening.mp3
C2-M04-L03,C2,C2 Mastery English,4,"Rhetoric, Diplomacy and High-Stakes Communication",3,"Rhetoric, Diplomacy and High-Stakes Communication: Reading Lesson 3",reading,worksheets/c2-m04-l03-rhetoric-diplomacy-and-high-stakes-communication-reading-lesson-3.docx,worksheets/c2-m04-l03-rhetoric-diplomacy-and-high-stakes-communication-reading-lesson-3.pdf,answer_keys/c2-m04-l03-rhetoric-diplomacy-and-high-stakes-communication-reading-lesson-3-answer-key.pdf,audio/c2-m04-l03-listening.mp3
C2-M04-L04,C2,C2 Mastery English,4,"Rhetoric, Diplomacy and High-Stakes Communication",4,"Rhetoric, Diplomacy and High-Stakes Communication: Listening Lesson 4",listening,worksheets/c2-m04-l04-rhetoric-diplomacy-and-high-stakes-communication-listening-lesson-4.docx,worksheets/c2-m04-l04-rhetoric-diplomacy-and-high-stakes-communication-listening-lesson-4.pdf,answer_keys/c2-m04-l04-rhetoric-diplomacy-and-high-stakes-communication-listening-lesson-4-answer-key.pdf,audio/c2-m04-l04-listening.mp3
C2-M04-L05,C2,C2 Mastery English,4,"Rhetoric, Diplomacy and High-Stakes Communication",5,"Rhetoric, Diplomacy and High-Stakes Communication: Speaking Lesson 5",speaking,worksheets/c2-m04-l05-rhetoric-diplomacy-and-high-stakes-communication-speaking-lesson-5.docx,worksheets/c2-m04-l05-rhetoric-diplomacy-and-high-stakes-communication-speaking-lesson-5.pdf,answer_keys/c2-m04-l05-rhetoric-diplomacy-and-high-stakes-communication-speaking-lesson-5-answer-key.pdf,audio/c2-m04-l05-listening.mp3
C2-M04-L06,C2,C2 Mastery English,4,"Rhetoric, Diplomacy and High-Stakes Communication",6,"Rhetoric, Diplomacy and High-Stakes Communication: Writing Lesson 6",writing,worksheets/c2-m04-l06-rhetoric-diplomacy-and-high-stakes-communication-writing-lesson-6.docx,worksheets/c2-m04-l06-rhetoric-diplomacy-and-high-stakes-communication-writing-lesson-6.pdf,answer_keys/c2-m04-l06-rhetoric-diplomacy-and-high-stakes-communication-writing-lesson-6-answer-key.pdf,audio/c2-m04-l06-listening.mp3
C2-M05-L01,C2,C2 Mastery English,5,Critical Synthesis and Expert Production,1,Critical Synthesis and Expert Production: Grammar Lesson 1,grammar,worksheets/c2-m05-l01-critical-synthesis-and-expert-production-grammar-lesson-1.docx,worksheets/c2-m05-l01-critical-synthesis-and-expert-production-grammar-lesson-1.pdf,answer_keys/c2-m05-l01-critical-synthesis-and-expert-production-grammar-lesson-1-answer-key.pdf,audio/c2-m05-l01-listening.mp3
C2-M05-L02,C2,C2 Mastery English,5,Critical Synthesis and Expert Production,2,Critical Synthesis and Expert Production: Vocabulary Lesson 2,vocabulary,worksheets/c2-m05-l02-critical-synthesis-and-expert-production-vocabulary-lesson-2.docx,worksheets/c2-m05-l02-critical-synthesis-and-expert-production-vocabulary-lesson-2.pdf,answer_keys/c2-m05-l02-critical-synthesis-and-expert-production-vocabulary-lesson-2-answer-key.pdf,audio/c2-m05-l02-listening.mp3
C2-M05-L03,C2,C2 Mastery English,5,Critical Synthesis and Expert Production,3,Critical Synthesis and Expert Production: Reading Lesson 3,reading,worksheets/c2-m05-l03-critical-synthesis-and-expert-production-reading-lesson-3.docx,worksheets/c2-m05-l03-critical-synthesis-and-expert-production-reading-lesson-3.pdf,answer_keys/c2-m05-l03-critical-synthesis-and-expert-production-reading-lesson-3-answer-key.pdf,audio/c2-m05-l03-listening.mp3
C2-M05-L04,C2,C2 Mastery English,5,Critical Synthesis and Expert Production,4,Critical Synthesis and Expert Production: Listening Lesson 4,listening,worksheets/c2-m05-l04-critical-synthesis-and-expert-production-listening-lesson-4.docx,worksheets/c2-m05-l04-critical-synthesis-and-expert-production-listening-lesson-4.pdf,answer_keys/c2-m05-l04-critical-synthesis-and-expert-production-listening-lesson-4-answer-key.pdf,audio/c2-m05-l04-listening.mp3
C2-M05-L05,C2,C2 Mastery English,5,Critical Synthesis and Expert Production,5,Critical Synthesis and Expert Production: Speaking Lesson 5,speaking,worksheets/c2-m05-l05-critical-synthesis-and-expert-production-speaking-lesson-5.docx,worksheets/c2-m05-l05-critical-synthesis-and-expert-production-speaking-lesson-5.pdf,answer_keys/c2-m05-l05-critical-synthesis-and-expert-production-speaking-lesson-5-answer-key.pdf,audio/c2-m05-l05-listening.mp3
C2-M05-L06,C2,C2 Mastery English,5,Critical Synthesis and Expert Production,6,Critical Synthesis and Expert Production: Writing Lesson 6,writing,worksheets/c2-m05-l06-critical-synthesis-and-expert-production-writing-lesson-6.docx,worksheets/c2-m05-l06-critical-synthesis-and-expert-production-writing-lesson-6.pdf,answer_keys/c2-m05-l06-critical-synthesis-and-expert-production-writing-lesson-6-answer-key.pdf,audio/c2-m05-l06-listening.mp3
C2-M06-L01,C2,C2 Mastery English,6,"C2 Review, Capstone and Mastery Assessment",1,"C2 Review, Capstone and Mastery Assessment: Grammar Lesson 1",grammar,worksheets/c2-m06-l01-c2-review-capstone-and-mastery-assessment-grammar-lesson-1.docx,worksheets/c2-m06-l01-c2-review-capstone-and-mastery-assessment-grammar-lesson-1.pdf,answer_keys/c2-m06-l01-c2-review-capstone-and-mastery-assessment-grammar-lesson-1-answer-key.pdf,audio/c2-m06-l01-listening.mp3
C2-M06-L02,C2,C2 Mastery English,6,"C2 Review, Capstone and Mastery Assessment",2,"C2 Review, Capstone and Mastery Assessment: Vocabulary Lesson 2",vocabulary,worksheets/c2-m06-l02-c2-review-capstone-and-mastery-assessment-vocabulary-lesson-2.docx,worksheets/c2-m06-l02-c2-review-capstone-and-mastery-assessment-vocabulary-lesson-2.pdf,answer_keys/c2-m06-l02-c2-review-capstone-and-mastery-assessment-vocabulary-lesson-2-answer-key.pdf,audio/c2-m06-l02-listening.mp3
C2-M06-L03,C2,C2 Mastery English,6,"C2 Review, Capstone and Mastery Assessment",3,"C2 Review, Capstone and Mastery Assessment: Reading Lesson 3",reading,worksheets/c2-m06-l03-c2-review-capstone-and-mastery-assessment-reading-lesson-3.docx,worksheets/c2-m06-l03-c2-review-capstone-and-mastery-assessment-reading-lesson-3.pdf,answer_keys/c2-m06-l03-c2-review-capstone-and-mastery-assessment-reading-lesson-3-answer-key.pdf,audio/c2-m06-l03-listening.mp3
C2-M06-L04,C2,C2 Mastery English,6,"C2 Review, Capstone and Mastery Assessment",4,"C2 Review, Capstone and Mastery Assessment: Listening Lesson 4",listening,worksheets/c2-m06-l04-c2-review-capstone-and-mastery-assessment-listening-lesson-4.docx,worksheets/c2-m06-l04-c2-review-capstone-and-mastery-assessment-listening-lesson-4.pdf,answer_keys/c2-m06-l04-c2-review-capstone-and-mastery-assessment-listening-lesson-4-answer-key.pdf,audio/c2-m06-l04-listening.mp3
C2-M06-L05,C2,C2 Mastery English,6,"C2 Review, Capstone and Mastery Assessment",5,"C2 Review, Capstone and Mastery Assessment: Speaking Lesson 5",speaking,worksheets/c2-m06-l05-c2-review-capstone-and-mastery-assessment-speaking-lesson-5.docx,worksheets/c2-m06-l05-c2-review-capstone-and-mastery-assessment-speaking-lesson-5.pdf,answer_keys/c2-m06-l05-c2-review-capstone-and-mastery-assessment-speaking-lesson-5-answer-key.pdf,audio/c2-m06-l05-listening.mp3
C2-M06-L06,C2,C2 Mastery English,6,"C2 Review, Capstone and Mastery Assessment",6,"C2 Review, Capstone and Mastery Assessment: Writing Lesson 6",writing,worksheets/c2-m06-l06-c2-review-capstone-and-mastery-assessment-writing-lesson-6.docx,worksheets/c2-m06-l06-c2-review-capstone-and-mastery-assessment-writing-lesson-6.pdf,answer_keys/c2-m06-l06-c2-review-capstone-and-mastery-assessment-writing-lesson-6-answer-key.pdf,audio/c2-m06-l06-listening.mp3
